f_id,i_id,precision,disp.ratio_mean_02,disp.ratio_mean_05,disp.ratio_mean_10,disp.ratio_mean_25,disp.ratio_median_02,disp.ratio_median_05,disp.ratio_median_10,disp.ratio_median_25,disp.diff_mean_02,disp.diff_mean_05,disp.diff_mean_10,disp.diff_mean_25,disp.diff_median_02,disp.diff_median_05,disp.diff_median_10,disp.diff_median_25,ela_meta.lin_simple.adj_r2,ela_meta.lin_simple.intercept,ela_meta.lin_simple.coef.min,ela_meta.lin_simple.coef.max,ela_meta.lin_simple.coef.max_by_min,ela_meta.lin_w_interact.adj_r2,ela_meta.quad_simple.adj_r2,ela_meta.quad_simple.cond,ela_meta.quad_w_interact.adj_r2,ela_level.mmce_lda_10,ela_level.mmce_qda_10,ela_level.mmce_mda_10,ela_level.lda_qda_10,ela_level.lda_mda_10,ela_level.qda_mda_10,ela_level.mmce_lda_25,ela_level.mmce_qda_25,ela_level.mmce_mda_25,ela_level.lda_qda_25,ela_level.lda_mda_25,ela_level.qda_mda_25,ela_level.mmce_lda_50,ela_level.mmce_qda_50,ela_level.mmce_mda_50,ela_level.lda_qda_50,ela_level.lda_mda_50,ela_level.qda_mda_50,ela_distr.skewness,ela_distr.kurtosis,ela_distr.number_of_peaks,ic.h.max,ic.eps.s,ic.eps.max,ic.eps.ratio,ic.m0,nbc.nn_nb.sd_ratio,nbc.nn_nb.mean_ratio,nbc.nn_nb.cor,nbc.dist_ratio.coeff_var,nbc.nb_fitness.cor,pca.expl_var.cov_x,pca.expl_var.cor_x,pca.expl_var.cov_init,pca.expl_var.cor_init,pca.expl_var_PC1.cov_x,pca.expl_var_PC1.cor_x,pca.expl_var_PC1.cov_init,pca.expl_var_PC1.cor_init
1,1,0.05714724051566833,0.6248499999999999,0.69035,0.74655,0.82845,0.6283000000000001,0.69455,0.75075,0.8323499999999999,-4.7518,-3.9226,-3.20995,-2.1731,-4.7158999999999995,-3.87465,-3.16255,-2.12685,0.5742499999999999,187.8498,0.09385,6.06665,67.27725,0.5804499999999999,1.0,1.0,1.0,0.09914999999999999,0.06739999999999999,0.093,1.4738,1.0658500000000002,0.7283999999999999,0.18765,0.12385,0.17035,1.53045,1.1033499999999998,0.7232000000000001,0.2224,0.15205000000000002,0.2061,1.4447999999999999,1.0711499999999998,0.7379,0.4477,0.11374999999999999,1.0,0.8404,1.2062,2.789,0.6657,0.54785,0.1451,0.9741,0.134,0.05235,-0.42155,0.9,0.9,0.0909,0.8182,0.1202,0.1202,0.94845,0.16085
1,2,0.03070117382540616,0.6648000000000001,0.7289,0.78425,0.8611,0.66635,0.73065,0.78655,0.8624499999999999,-4.2456499999999995,-3.43425,-2.7328,-1.75935,-4.23395,-3.4177,-2.70775,-1.7454,0.8277,567.2103,1.08965,7.9892,7.3811,0.8301499999999999,1.0,1.0,1.0,0.0665,0.043800000000000006,0.0605,1.5236,1.1073,0.72565,0.1112,0.0797,0.1014,1.3888500000000001,1.1024,0.7992,0.13315,0.1054,0.12735000000000002,1.26505,1.04245,0.8212999999999999,0.33,-0.03325,1.0,0.8322,1.3063,3.5119,0.7658,0.5338,0.12775,0.9688,0.11754999999999999,0.0589,-0.36765000000000003,0.9,0.9,0.0909,0.8182,0.11954999999999999,0.11954999999999999,0.9792,0.1754
1,3,0.004116610591808012,0.6622,0.7297,0.7816000000000001,0.85805,0.6633,0.7316,0.7839,0.85995,-4.279450000000001,-3.424,-2.7664,-1.79855,-4.273899999999999,-3.40645,-2.7426,-1.77625,0.81025,-86.5577,0.1846,7.99635,42.3616,0.81325,1.0,1.0,1.0,0.0712,0.046450000000000005,0.06525,1.5394999999999999,1.0949499999999999,0.7229,0.1192,0.08475,0.10925,1.40375,1.0975,0.7738,0.1431,0.1119,0.1357,1.27225,1.0467,0.8269,0.3399,-0.04035,1.0,0.83375,1.2863,3.3537,0.7457,0.53585,0.1283,0.9693,0.11695,0.0584,-0.3707,0.9,0.9,0.0909,0.8182,0.12045,0.12045,0.97665,0.17465
1,4,0.03164629490999005,0.64655,0.71385,0.77075,0.84755,0.64955,0.71685,0.774,0.85045,-4.47705,-3.62405,-2.9039,-1.9308999999999998,-4.44745,-3.5934,-2.8682499999999997,-1.89785,0.72885,-18.8307,0.1683,7.8372,46.2066,0.7323500000000001,1.0,1.0,1.0,0.08215,0.054349999999999996,0.07519999999999999,1.479,1.08515,0.73045,0.14345,0.09995,0.13095,1.4438499999999999,1.10385,0.76635,0.1696,0.12840000000000001,0.15889999999999999,1.31615,1.0605000000000002,0.8003,0.378,-0.0148,1.0,0.83415,1.2462,3.0583,0.7057,0.5396,0.1247,0.97125,0.1137,0.0557,-0.38744999999999996,0.9,0.9,0.0909,0.8182,0.11915,0.11915,0.9667,0.17004999999999998
1,5,0.015365750971557901,0.63995,0.7086,0.7666,0.84495,0.6429,0.71195,0.7696,0.8481,-4.561249999999999,-3.6915500000000003,-2.9562,-1.9641,-4.5319,-3.65655,-2.9240500000000003,-1.92725,0.7293000000000001,107.3743,0.3201,7.25135,23.0274,0.7345999999999999,1.0,1.0,1.0,0.0825,0.0545,0.07615,1.5222,1.0844,0.7138,0.14645,0.10115,0.132,1.4399,1.09995,0.76485,0.1726,0.12855,0.16225,1.3397000000000001,1.05905,0.7911999999999999,0.41265,0.0873,1.0,0.83525,1.2462,3.0583,0.7057,0.54235,0.14229999999999998,0.97165,0.13135000000000002,0.0554,-0.38765000000000005,0.9,0.9,0.0909,0.8182,0.12035,0.12035,0.96695,0.1698
2,1,0.1353039818474855,0.8338,0.8612,0.8884,0.91805,0.8335,0.8613,0.88845,0.9183,-2.10515,-1.7582,-1.4136000000000002,-1.0377,-2.113,-1.7603499999999999,-1.41585,-1.0366,0.80745,16637949.899,6247.566999999999,4695830.8281,754.2103,0.80905,0.9984,5651.8195,0.9992,0.10155,0.055150000000000005,0.10919999999999999,1.8492,0.9307000000000001,0.50115,0.1835,0.09415000000000001,0.1227,1.9256,1.5,0.76925,0.045950000000000005,0.047,0.0444,0.9655499999999999,1.03985,1.0779999999999998,0.9123,-0.37605,13.0,0.7867,6.7918,468458.0116,5.991,0.55265,0.08145,0.9538,0.07239999999999999,0.0791,-0.28685,0.9,0.9,0.0909,0.8182,0.12240000000000001,0.12240000000000001,1.0,0.1746
2,2,0.056441063848559736,0.8387,0.8611,0.8861000000000001,0.91755,0.8390500000000001,0.86115,0.8862,0.9178,-2.04315,-1.7591,-1.4423499999999998,-1.04405,-2.04245,-1.76235,-1.444,-1.04315,0.62255,12972568.565450002,5757.939200000001,3076223.00655,533.2046,0.62755,0.9969,4347.794449999999,0.9987,0.1,0.0749,0.1003,1.3356,0.9975,0.74315,0.33625,0.11155000000000001,0.17485,3.0044000000000004,1.9152,0.6329,0.17604999999999998,0.149,0.1325,1.1811,1.30165,1.1250499999999999,1.01045,-0.14300000000000002,10.0,0.81185,6.7317,479508.19110000005,6.011,0.55795,0.0854,0.9535,0.0777,0.07925,-0.3248,0.9,0.9,0.0909,0.8182,0.12065000000000001,0.12065000000000001,1.0,0.1648
2,3,0.0413647945394473,0.83675,0.866,0.89305,0.9229,0.83765,0.8669,0.8936999999999999,0.9229499999999999,-2.068,-1.6975500000000001,-1.3544999999999998,-0.9763,-2.0606,-1.68915,-1.34915,-0.9774499999999999,0.8749,22631590.8514,7355.663549999999,6263312.335,850.0572999999999,0.8762,0.9982,4028.3753,0.9984,0.08645,0.03655,0.07744999999999999,2.362,1.1102500000000002,0.47125,0.0786,0.037750000000000006,0.044950000000000004,2.08555,1.721,0.84565,0.029449999999999997,0.0292,0.0291,1.0063499999999999,1.01675,1.00435,0.8311999999999999,-0.37865000000000004,16.0,0.7558,6.8919,589889.6426,6.1111,0.5354,0.0858,0.9523,0.0811,0.08015,-0.29025,0.9,0.9,0.0909,0.8182,0.12090000000000001,0.12090000000000001,1.0,0.1778
2,4,0.19743727153488067,0.8315,0.86555,0.88595,0.91325,0.8308500000000001,0.8655,0.8861,0.913,-2.13475,-1.7032,-1.4443000000000001,-1.0986500000000001,-2.14605,-1.70735,-1.4455,-1.1033,0.28874999999999995,13749739.144000001,10803.422,1604483.4042500001,148.03405,0.29769999999999996,0.9979,5425.714400000001,0.998,0.10045000000000001,0.0509,0.08510000000000001,1.9744,1.1867999999999999,0.59495,0.2597,0.09815,0.0548,2.6403,4.72635,1.81305,0.3144,0.13115,0.12154999999999999,2.3978,2.59725,1.0836999999999999,0.52915,-0.429,6.0,0.8212,6.6517,617718.7597,6.0911,0.5533,0.09075,0.9542,0.089,0.0784,-0.42610000000000003,0.9,0.9,0.0909,0.9091,0.12079999999999999,0.12079999999999999,1.0,0.14229999999999998
2,5,0.10444890744330593,0.8371500000000001,0.86235,0.8841,0.92015,0.8377,0.8632500000000001,0.88415,0.9199999999999999,-2.0631500000000003,-1.7438,-1.468,-1.01145,-2.0593500000000002,-1.7351999999999999,-1.47015,-1.01545,0.82555,22412333.92595,7730.1052,6288213.8818500005,813.4493500000001,0.82735,0.9982,7942.97265,0.9987,0.09095,0.03765,0.08245,2.40885,1.1043,0.46640000000000004,0.09784999999999999,0.050949999999999995,0.0528,1.9234499999999999,1.8622999999999998,0.97275,0.038,0.038900000000000004,0.037,0.9839,1.0152999999999999,1.03635,0.97005,-0.26195,13.0,0.7709,6.952,490558.3706,6.0711,0.5405,0.0849,0.9532,0.0798,0.07925,-0.2899,0.9,0.9,0.0909,0.8182,0.1221,0.1221,1.0,0.1759
3,1,8.608402932341505,0.6862999999999999,0.74425,0.79005,0.8585499999999999,0.6844,0.7432,0.7896000000000001,0.85945,-3.97265,-3.23955,-2.6597,-1.7917999999999998,-4.0039,-3.2575000000000003,-2.6691000000000003,-1.7827,0.3974,187.11495000000002,1.3130000000000002,35.994150000000005,26.19025,0.4073,0.922,21.611800000000002,0.97885,0.1024,0.06795000000000001,0.094,1.48955,1.08685,0.7316,0.21405000000000002,0.12795,0.1578,1.66525,1.35825,0.80355,0.2675,0.1512,0.1613,1.7745,1.64805,0.9310499999999999,1.12855,1.5434999999999999,2.0,0.83165,2.2673,16.077,1.4665,0.55795,0.1081,0.966,0.0991,0.0628,-0.40535,0.9,0.9,0.0909,0.9091,0.12035,0.12035,0.9989,0.15095
3,2,6.570337865566678,0.6931,0.7553,0.8052,0.88,0.6897,0.75575,0.806,0.8815,-3.88705,-3.09955,-2.46755,-1.5202,-3.9371,-3.1002,-2.4613500000000004,-1.5039500000000001,0.7213,2511.0254,1.29575,777.9603,601.7927999999999,0.7239,0.9741,213.73485,0.9926,0.09675,0.058499999999999996,0.0882,1.64415,1.0943,0.6758,0.14195,0.0993,0.11895,1.4215499999999999,1.1960000000000002,0.8405,0.0537,0.05305,0.052500000000000005,1.0215999999999998,1.0210499999999998,1.0036,1.3164500000000001,0.3224,16.0,0.7485999999999999,3.1481,30.654,1.967,0.5404,0.1015,0.9617,0.0923,0.06745000000000001,-0.2724,0.9,0.9,0.0909,0.8182,0.12065000000000001,0.12065000000000001,1.0,0.17015
3,3,7.387147469561988,0.7188,0.7767,0.81985,0.88195,0.7164,0.7746999999999999,0.819,0.8813,-3.56255,-2.8288,-2.2812,-1.4953500000000002,-3.6000500000000004,-2.8590999999999998,-2.2964,-1.5063,0.69475,2858.3609,2.2296500000000004,476.80635,216.83275,0.69785,0.959,129.6424,0.9897,0.07025,0.04145,0.06295,1.7226,1.12635,0.65655,0.12885,0.07995,0.0973,1.6123,1.3125499999999999,0.8165,0.15949999999999998,0.1127,0.1132,1.4205,1.4156499999999999,0.9983500000000001,0.9699500000000001,0.3412,5.0,0.7778499999999999,2.988,77.0703,2.2472,0.53925,0.09385,0.9616,0.089,0.0681,-0.3523,0.9,0.9,0.0909,0.8182,0.1197,0.1197,1.0,0.16875
3,4,6.746221063528151,0.69555,0.75515,0.8016,0.8713,0.69455,0.75385,0.80155,0.8719,-3.85635,-3.1014,-2.513,-1.63,-3.8756500000000003,-3.12395,-2.51835,-1.6254499999999998,0.5791999999999999,1239.88915,1.77215,214.46365,124.72715,0.5833,0.92,64.4005,0.9876,0.09575,0.06195,0.08885,1.55465,1.0889000000000002,0.6930499999999999,0.17005,0.11745,0.1395,1.4517,1.22845,0.83415,0.17754999999999999,0.11399999999999999,0.11185,1.56765,1.5861999999999998,1.0097,1.4880499999999999,1.8605,7.5,0.7804,2.7678,27.9542,1.8669,0.55155,0.11315,0.96335,0.0996,0.06584999999999999,-0.34205,0.9,0.9,0.0909,0.8182,0.12085,0.12085,0.9999,0.1617
3,5,6.33036394818977,0.68285,0.7381500000000001,0.7829,0.8509,0.6797,0.73685,0.7827,0.85215,-4.0181000000000004,-3.3167,-2.7501499999999997,-1.88835,-4.066050000000001,-3.33925,-2.7572,-1.87585,0.47995,984.4313,2.12345,80.64595,38.91695,0.48735,0.9332,21.268949999999997,0.9861,0.1025,0.0742,0.0979,1.3847999999999998,1.05385,0.76325,0.21775,0.1386,0.1847,1.57355,1.17845,0.7504500000000001,0.25,0.17095,0.21200000000000002,1.4611999999999998,1.1755,0.8043,1.0042499999999999,0.9264,1.0,0.8298000000000001,2.3674,24.9179,1.6867,0.56725,0.1125,0.9667,0.1081,0.06195,-0.41255,0.9,0.9,0.0909,0.9091,0.12185,0.12185,0.9995,0.15595
4,1,9.407984275349662,0.6980999999999999,0.7465,0.7925,0.8592500000000001,0.6957500000000001,0.7456,0.79235,0.8601000000000001,-3.8243,-3.2107,-2.6284,-1.7833,-3.8608000000000002,-3.2280499999999996,-2.6353999999999997,-1.776,0.38939999999999997,1555.80555,2.3968,402.95825,170.8444,0.3928,0.79975,122.69985,0.9585,0.1001,0.0908,0.1005,1.10125,0.9963,0.9015500000000001,0.24914999999999998,0.1747,0.2174,1.43275,1.1446,0.79975,0.2773,0.1908,0.22644999999999998,1.4597,1.2182499999999998,0.84,1.82885,2.7714499999999997,11.0,0.7556499999999999,3.1882,40.421,2.2472,0.5778,0.1152,0.96255,0.1034,0.0673,-0.3385,0.9,0.9,0.0909,0.9091,0.11965,0.11965,1.0,0.14945
4,2,9.55105002263722,0.7093,0.7595000000000001,0.8088500000000001,0.87955,0.70775,0.7582,0.80775,0.8795,-3.6822,-3.04665,-2.4219,-1.5262,-3.70885,-3.0686,-2.43925,-1.5294500000000002,0.6084,5382.3096000000005,4.5982,1295.835,280.6847,0.6134999999999999,0.94385,449.86965,0.9964,0.0943,0.06670000000000001,0.0875,1.3992499999999999,1.0726,0.768,0.1711,0.11895,0.13865,1.4238,1.2284,0.8567,0.17604999999999998,0.10085,0.08765,1.75955,2.0185,1.14475,1.3209499999999998,1.0735000000000001,16.0,0.73405,3.4885,168.7436,2.6276,0.55565,0.1094,0.9606,0.09625,0.06925,-0.3241,0.9,0.9,0.0909,0.8182,0.1193,0.1193,1.0,0.16285
4,3,10.33127276968014,0.69285,0.7483500000000001,0.7983,0.8665499999999999,0.68985,0.7478,0.7983,0.8672,-3.8904500000000004,-3.1875999999999998,-2.5543500000000003,-1.6905000000000001,-3.93495,-3.2002,-2.55925,-1.68395,0.5777,1650.8166999999999,0.93045,267.01155,287.1761,0.5822,0.9197,68.1235,0.9796,0.10025,0.075,0.096,1.3441999999999998,1.04755,0.78565,0.20235,0.14865,0.17835,1.3525,1.1320999999999999,0.8349500000000001,0.21805000000000002,0.17495,0.18730000000000002,1.2465,1.16045,0.9309,1.40775,1.28935,6.5,0.7987,2.8078,38.5999,1.9469,0.567,0.1081,0.9632499999999999,0.0983,0.06615,-0.34255,0.9,0.9,0.0909,0.8182,0.12025,0.12025,0.9999,0.16315000000000002
4,4,8.018751487519403,0.6931499999999999,0.74715,0.7947,0.8688,0.6928000000000001,0.74655,0.7949999999999999,0.8693,-3.88715,-3.2032499999999997,-2.60065,-1.66225,-3.89745,-3.2158499999999997,-2.60205,-1.6585999999999999,0.5671999999999999,3107.7627,4.0708,782.97515,191.90025,0.57165,0.9124,448.318,0.985,0.1027,0.08225,0.10085,1.25895,1.0209000000000001,0.813,0.22955,0.1512,0.1891,1.5173,1.2184,0.7992,0.19565,0.1447,0.14250000000000002,1.3548,1.37565,1.01395,1.41215,1.2149,16.0,0.7274499999999999,3.2683,41.374449999999996,2.3773999999999997,0.56495,0.10585,0.9615,0.0984,0.06814999999999999,-0.31805,0.9,0.9,0.0909,0.8182,0.12145,0.12145,1.0,0.16085
4,5,8.364157962618108,0.6980500000000001,0.75005,0.7967500000000001,0.8639,0.69665,0.7502500000000001,0.79715,0.86475,-3.82515,-3.1658999999999997,-2.5751,-1.7243,-3.8506,-3.1688,-2.57435,-1.71635,0.52215,2867.22635,2.3224,802.1597,346.08445,0.5285,0.89595,220.24644999999998,0.9874,0.1,0.0959,0.1,1.043,1.0,0.9581999999999999,0.275,0.18009999999999998,0.23954999999999999,1.5274,1.1496499999999998,0.7524,0.21484999999999999,0.1518,0.15675,1.408,1.361,0.9646999999999999,1.724,2.1047,10.5,0.73385,3.3483,27.9542,2.3073,0.5696,0.10744999999999999,0.9619,0.1041,0.0678,-0.28959999999999997,0.9,0.9,0.0909,0.9091,0.12135,0.12135,1.0,0.1589
5,1,0.6752792582231919,0.8358000000000001,0.8661,0.8945000000000001,0.9326,0.83445,0.86595,0.8949,0.93205,-2.0801499999999997,-1.6961499999999998,-1.3369,-0.85365,-2.10105,-1.70085,-1.33365,-0.8623,1.0,195.1376,1.0,10.0,10.0,1.0,1.0,16.3613,1.0,0.03635,0.01985,0.0322,1.83575,1.11175,0.6093999999999999,0.0132,0.02475,0.028499999999999998,0.5338,0.46555,0.8533999999999999,0.0164,0.022,0.0224,0.75075,0.7478,0.9662,0.0095,-0.2946,1.0,0.82665,1.0861,2.3193,0.5656,0.51555,0.08205,0.94695,0.09845000000000001,0.08574999999999999,-0.33804999999999996,0.9,0.9,0.0909,0.8182,0.11960000000000001,0.11960000000000001,0.96515,0.18315
5,2,0.6473070536106889,0.82255,0.8585,0.88835,0.93305,0.8208,0.85795,0.8883,0.93255,-2.24785,-1.79275,-1.4147500000000002,-0.8478,-2.27325,-1.80195,-1.4178,-0.8563000000000001,1.0,860.3376,1.0,10.0,10.0,1.0,1.0,11.548,1.0,0.03555,0.01935,0.0319,1.7723499999999999,1.1026500000000001,0.6156999999999999,0.0132,0.0249,0.027549999999999998,0.52205,0.4712,0.88395,0.0187,0.0241,0.0248,0.79405,0.7706500000000001,0.9823,0.0189,-0.29325,1.0,0.82685,1.0861,2.3193,0.5656,0.5159499999999999,0.07744999999999999,0.94725,0.09670000000000001,0.0857,-0.33604999999999996,0.9,0.9,0.0909,0.8182,0.11985000000000001,0.11985000000000001,0.96545,0.1839
5,3,0.8001306379199491,0.8289,0.8642,0.8909,0.9331499999999999,0.8298000000000001,0.86425,0.8906499999999999,0.9326,-2.1671,-1.72035,-1.3820000000000001,-0.8472500000000001,-2.15965,-1.7225000000000001,-1.3876,-0.8555,1.0,271.0576,1.0,10.0,10.0,1.0,1.0,17.2499,1.0,0.03495,0.0195,0.0319,1.75,1.1124,0.6125499999999999,0.01415,0.02665,0.02855,0.51385,0.46325000000000005,0.9187000000000001,0.017,0.0224,0.022949999999999998,0.7577499999999999,0.716,0.96115,0.0017,-0.2629,1.0,0.82755,1.0861,2.3193,0.5656,0.5136499999999999,0.08085,0.9474,0.09255,0.08555,-0.34099999999999997,0.9,0.9,0.0909,0.8182,0.11995,0.11995,0.96485,0.1826
5,4,0.980454323361073,0.82725,0.86465,0.8914500000000001,0.9335,0.8259,0.8634,0.8907,0.93295,-2.1879,-1.71465,-1.3749500000000001,-0.8426,-2.20905,-1.7339,-1.38705,-0.8508,1.0,1146.0176,1.0,10.0,10.0,1.0,1.0,19.744500000000002,1.0,0.03475,0.01925,0.03215,1.8327499999999999,1.0806,0.59415,0.01235,0.025849999999999998,0.0286,0.4884,0.4364,0.8923,0.018,0.024,0.022949999999999998,0.7664500000000001,0.7745,1.01805,-0.0021,-0.29669999999999996,1.0,0.82665,1.0861,2.3193,0.5656,0.51345,0.0744,0.9471,0.08965000000000001,0.08560000000000001,-0.33835000000000004,0.9,0.9,0.0909,0.8182,0.121,0.121,0.9652000000000001,0.1843
5,5,1.4805972006281536,0.82745,0.86545,0.896,0.9347,0.82805,0.8649,0.8958999999999999,0.9341999999999999,-2.1853,-1.7046999999999999,-1.31735,-0.82745,-2.1816,-1.71435,-1.3207,-0.8345,1.0,166.8976,1.0,10.0,10.0,1.0,1.0,31.014200000000002,1.0,0.034100000000000005,0.0183,0.031700000000000006,1.7766000000000002,1.0699999999999998,0.60005,0.0132,0.025349999999999998,0.028450000000000003,0.5140499999999999,0.48415,0.9066000000000001,0.018000000000000002,0.02375,0.0231,0.7438,0.74685,1.0086,-0.0078000000000000005,-0.2803,1.0,0.827,1.0861,2.3193,0.5656,0.51135,0.0744,0.94705,0.08655,0.0856,-0.3383,0.9,0.9,0.0909,0.8182,0.11985,0.11985,0.96535,0.1844
6,1,6.948817668407411,0.75205,0.80325,0.8408500000000001,0.8972,0.7482,0.8009999999999999,0.83945,0.89615,-3.14095,-2.4918500000000003,-2.0157499999999997,-1.30225,-3.1960499999999996,-2.5244999999999997,-2.03695,-1.31705,0.8080499999999999,639231.52425,4567.7320500000005,79676.04139999999,17.01685,0.90905,0.8738,2.77775,0.9756,0.07085,0.0431,0.06375,1.6595,1.11245,0.6793,0.11025,0.07339999999999999,0.0866,1.48495,1.2539500000000001,0.84145,0.11515,0.08804999999999999,0.0963,1.3115999999999999,1.2008999999999999,0.91255,0.8314999999999999,0.6434,14.0,0.8140000000000001,5.1502,16952.3234,4.5295,0.52395,0.0859,0.9595,0.0858,0.0711,-0.32989999999999997,0.9,0.9,0.0909,0.8182,0.12004999999999999,0.12004999999999999,1.0,0.17370000000000002
6,2,7.069562432080996,0.7410000000000001,0.78745,0.82715,0.8842,0.7349,0.78375,0.82385,0.8826499999999999,-3.28095,-2.6923000000000004,-2.1901,-1.4672999999999998,-3.36415,-2.74465,-2.2360499999999996,-1.48935,0.7195,546795.2076,2298.11315,48972.706300000005,22.1805,0.8483499999999999,0.8276,5.0007,0.96805,0.07605,0.05005,0.07039999999999999,1.5224,1.07725,0.7061,0.13940000000000002,0.0902,0.11845,1.53295,1.1729,0.76195,0.15910000000000002,0.109,0.13390000000000002,1.45575,1.1833,0.81055,0.8874,0.88435,15.0,0.81855,5.1101,15459.2774,4.4695,0.52995,0.09659999999999999,0.963,0.09259999999999999,0.0672,-0.34165,0.9,0.9,0.0909,0.8182,0.11945,0.11945,1.0,0.16925
6,3,6.023880757163624,0.72715,0.78365,0.82865,0.88985,0.72375,0.7812,0.827,0.8895500000000001,-3.4565,-2.7405,-2.17015,-1.39475,-3.5054,-2.77615,-2.1951,-1.4011,0.7686,696075.5481499999,14515.6235,53495.587700000004,3.6469,0.86025,0.8737999999999999,3.6384499999999997,0.97105,0.07250000000000001,0.046450000000000005,0.0666,1.52895,1.0883,0.71305,0.1235,0.08015,0.10185,1.50785,1.2079499999999999,0.7979499999999999,0.14834999999999998,0.10085,0.12395,1.4439000000000002,1.19455,0.8228500000000001,0.7514000000000001,0.62205,14.0,0.8187,5.1502,16188.5969,4.5295,0.53025,0.09509999999999999,0.9622,0.0884,0.06805,-0.34535,0.9,0.9,0.0909,0.8182,0.1202,0.1202,1.0,0.17104999999999998
6,4,6.388095646623967,0.7502,0.79735,0.8379,0.89445,0.74545,0.79325,0.83595,0.89335,-3.1643499999999998,-2.5671,-2.0534999999999997,-1.3373,-3.23055,-2.62345,-2.0815,-1.3529499999999999,0.8041,976960.72435,3977.5735,85399.0073,21.673000000000002,0.9083,0.8794,4.387700000000001,0.98425,0.06765,0.0391,0.061149999999999996,1.7346499999999998,1.1125500000000001,0.63715,0.1135,0.06975,0.09085,1.6444999999999999,1.23685,0.76495,0.13,0.08625,0.10665,1.5066,1.2383,0.8216,0.6343,0.2355,17.0,0.8159000000000001,5.24025,22353.6965,4.6296,0.5248,0.0947,0.96115,0.09045,0.06945000000000001,-0.33935000000000004,0.9,0.9,0.0909,0.8182,0.11985,0.11985,1.0,0.1745
6,5,7.039488290472491,0.7758499999999999,0.8105500000000001,0.8443,0.8933,0.77215,0.8086,0.8423,0.89225,-2.8385,-2.3996,-1.97265,-1.3515000000000001,-2.8916,-2.42875,-2.0021500000000003,-1.36765,0.56255,271829.35360000003,2043.9624,30095.7391,14.7771,0.74465,0.7253000000000001,2.9747500000000002,0.9312,0.0795,0.055150000000000005,0.0733,1.43485,1.0784,0.764,0.1585,0.1062,0.12915,1.4804,1.2284000000000002,0.82075,0.2099,0.1376,0.1593,1.5333,1.3153000000000001,0.8623000000000001,1.0861,1.5388000000000002,11.0,0.8086,4.99,10209.6066,4.2893,0.5383,0.091,0.962,0.0955,0.0688,-0.351,0.9,0.9,0.0909,0.9091,0.1192,0.1192,1.0,0.1616
7,1,1.9265947107677022,0.7893,0.8302499999999999,0.86075,0.90745,0.7834,0.8269,0.85795,0.9055,-2.66885,-2.15015,-1.7640500000000001,-1.1724,-2.7483500000000003,-2.1965500000000002,-1.8024,-1.19875,0.6837,1720.3069500000001,2.40965,183.26704999999998,72.4473,0.92205,0.762,4.9238,0.99735,0.10464999999999999,0.047700000000000006,0.0944,2.20125,1.10355,0.50525,0.16754999999999998,0.0781,0.1123,2.0979,1.47825,0.70865,0.1491,0.08299999999999999,0.0917,1.80935,1.62255,0.9059999999999999,1.20105,1.6640000000000001,2.0,0.81075,2.6276,48.6056,1.9469,0.5324,0.0927,0.95895,0.0897,0.07195,-0.32105,0.9,0.9,0.0909,0.8182,0.121,0.121,0.9999,0.1674
7,2,1.7568522941148181,0.7796,0.8222,0.8536,0.90505,0.77385,0.81815,0.85105,0.90255,-2.79125,-2.2525,-1.8547500000000001,-1.20295,-2.8692,-2.30795,-1.8909,-1.2367,0.5702499999999999,1224.0470500000001,4.189450000000001,128.29615,29.440649999999998,0.88225,0.6855,5.20415,0.9964,0.11055000000000001,0.05815,0.1056,1.9118,1.04905,0.55235,0.2193,0.0882,0.13915,2.487,1.57365,0.6332500000000001,0.19665,0.0939,0.11380000000000001,2.0919,1.72085,0.81255,1.2343000000000002,1.802,2.0,0.8141,2.5275,38.5999,1.8468,0.5367,0.09395,0.9609,0.09035,0.0698,-0.33415,0.9,0.9,0.0909,0.8182,0.12125,0.12125,0.9999,0.16075
7,3,1.4379283195806871,0.7836000000000001,0.8264,0.86085,0.90505,0.7797000000000001,0.8228,0.8574999999999999,0.9036,-2.74105,-2.1988,-1.7629000000000001,-1.20265,-2.7967,-2.2486,-1.80855,-1.2237,0.2677,1126.2589,3.63395,72.62625,20.07905,0.8455,0.42285,4.8572500000000005,0.996,0.1047,0.0574,0.10075,1.8146,1.0438,0.5710999999999999,0.24385,0.09985,0.1527,2.4348,1.6027,0.65985,0.30425,0.0915,0.14345,3.3076,2.1220999999999997,0.6435500000000001,1.5666,3.6818999999999997,2.0,0.81745,2.5676,36.861,1.8468,0.5436000000000001,0.09395,0.9614,0.08510000000000001,0.06925,-0.34509999999999996,0.9,0.9,0.0909,0.9091,0.12135,0.12135,0.9998,0.14005
7,4,0.9538102998940907,0.7416,0.7926500000000001,0.8331,0.8894,0.7356499999999999,0.7887500000000001,0.8303,0.8872,-3.2727,-2.6262,-2.1142,-1.40075,-3.3535,-2.6802,-2.1535,-1.4309500000000002,0.39815,943.3897,2.33325,63.99385,27.66845,0.8098000000000001,0.5846,5.599600000000001,0.9937,0.0936,0.05275,0.086,1.7875,1.0952,0.6085,0.2004,0.09565,0.13735,2.0951500000000003,1.4554,0.6943,0.2566,0.10555,0.1427,2.41495,1.80695,0.7475499999999999,0.9903500000000001,1.3811,1.0,0.82665,2.3273,26.6948,1.6667,0.5433,0.1105,0.96375,0.10215,0.0661,-0.36760000000000004,0.9,0.9,0.0909,0.9091,0.1194,0.1194,0.9996,0.1511
7,5,0.761521077894372,0.75505,0.80185,0.843,0.8956,0.74855,0.7977000000000001,0.8392999999999999,0.89365,-3.10295,-2.5103,-1.98875,-1.32275,-3.1906499999999998,-2.56725,-2.0393999999999997,-1.35045,0.61285,1080.7654499999999,3.7964,111.40209999999999,30.2881,0.86275,0.74325,7.18635,0.9944,0.10405,0.05355,0.09570000000000001,1.951,1.09015,0.5601499999999999,0.1854,0.08549999999999999,0.1304,2.18855,1.42075,0.65875,0.18764999999999998,0.09865,0.1174,1.8869,1.57485,0.8304,1.02035,1.0025,1.0,0.8179,2.4074,30.654,1.7267,0.5365,0.0997,0.96225,0.09715,0.06815,-0.3417,0.9,0.9,0.0909,0.8182,0.12065000000000001,0.12065000000000001,0.9998,0.1627
8,1,8.283806734252977,0.65485,0.7188,0.7719,0.8497,0.6536,0.71885,0.77275,0.85095,-4.3716,-3.56205,-2.88945,-1.9037000000000002,-4.39445,-3.5671,-2.8840500000000002,-1.8914499999999999,0.55015,275360.21109999996,1603.40115,38944.880300000004,23.799999999999997,0.56645,0.92055,103.04415,0.99365,0.09385,0.0685,0.0885,1.3866999999999998,1.06075,0.7678,0.1882,0.13090000000000002,0.17020000000000002,1.445,1.11155,0.7704500000000001,0.2278,0.1638,0.197,1.3860000000000001,1.154,0.8353999999999999,0.9422,0.5791,1.0,0.82565,4.99,11195.6432,4.3193,0.5663,0.11729999999999999,0.9676,0.1011,0.060950000000000004,-0.39925,0.9,0.9,0.0909,0.9091,0.1206,0.1206,1.0,0.1597
8,2,7.412190593598098,0.6663,0.72915,0.782,0.8581,0.66405,0.7286999999999999,0.7824,0.85905,-4.2269000000000005,-3.4314,-2.7611499999999998,-1.79745,-4.263450000000001,-3.4424,-2.76075,-1.7887,0.6063000000000001,369768.4336,894.4698000000001,46469.37045,50.98035,0.6213,0.9372,113.33415,0.9964,0.0885,0.061399999999999996,0.0816,1.4385,1.07975,0.74865,0.16820000000000002,0.1133,0.14500000000000002,1.4978,1.15445,0.7758,0.21105000000000002,0.1517,0.184,1.3808,1.14725,0.82865,0.8591,0.5412,2.5,0.82025,5.0901,14430.271700000001,4.4294,0.5583,0.11979999999999999,0.9667,0.108,0.0617,-0.39225,0.9,0.9,0.0909,0.8182,0.12135,0.12135,1.0,0.16310000000000002
8,3,7.3140162954451355,0.66795,0.7318,0.78505,0.857,0.66635,0.7316,0.7855000000000001,0.85745,-4.20585,-3.39745,-2.72285,-1.8117,-4.23435,-3.4062,-2.72265,-1.8084500000000001,0.59405,409943.14915,2110.012,37883.8143,17.652900000000002,0.6093,0.9347,102.40610000000001,0.9967,0.08635,0.06035,0.0806,1.4374,1.07535,0.7499,0.16895,0.11655,0.1483,1.4539,1.14905,0.7845,0.2168,0.14965,0.18164999999999998,1.44615,1.19965,0.82885,0.7472000000000001,0.34125,1.0,0.8237,5.0901,16188.5969,4.4795,0.5595,0.12555,0.9663,0.1158,0.0623,-0.4067,0.9,0.9,0.0909,0.8182,0.1201,0.1201,1.0,0.16105
8,4,8.003612701618312,0.6587000000000001,0.7215,0.7753000000000001,0.8502,0.65725,0.72065,0.77555,0.85145,-4.322850000000001,-3.52735,-2.8459000000000003,-1.8975499999999998,-4.348,-3.5446999999999997,-2.8487,-1.8852,0.54035,299143.8652,933.04625,32320.6042,33.6786,0.5594,0.9116,67.85665,0.99405,0.0906,0.0648,0.08495,1.4135499999999999,1.05975,0.7551,0.1842,0.12614999999999998,0.1647,1.44935,1.10885,0.766,0.23335,0.1637,0.20405,1.4207,1.1378,0.7983499999999999,0.79435,0.43525,2.0,0.8279,4.99,12276.9105,4.3694,0.56355,0.12295,0.96745,0.1103,0.060950000000000004,-0.41405000000000003,0.9,0.9,0.0909,0.9091,0.1231,0.1231,1.0,0.1597
8,5,7.380834111332952,0.6614,0.7262500000000001,0.7787,0.85265,0.6601,0.72635,0.77945,0.8539,-4.2895,-3.4674500000000004,-2.80315,-1.86625,-4.3142,-3.4731,-2.79985,-1.8542,0.60025,309897.3915,1758.86955,29149.76305,16.185850000000002,0.61655,0.92935,73.28465,0.9945,0.08675,0.0618,0.08085,1.40235,1.0694,0.76505,0.1763,0.12279999999999999,0.15865,1.43125,1.11095,0.7858,0.2127,0.15575,0.19235,1.38025,1.1155499999999998,0.8067,0.86955,0.77505,1.0,0.82875,4.99,12276.9105,4.3694,0.56285,0.121,0.9673,0.10525,0.06125,-0.40280000000000005,0.9,0.9,0.0909,0.8182,0.12054999999999999,0.12054999999999999,1.0,0.16435
9,1,8.40064100379233,0.69095,0.7377,0.7777000000000001,0.83875,0.6720999999999999,0.72465,0.7693,0.8369,-3.9147499999999997,-3.32275,-2.8164499999999997,-2.0429000000000004,-4.1615,-3.49485,-2.928,-2.0696000000000003,0.0458,182737.25185,554.13945,5908.4382000000005,9.033249999999999,0.17085,0.5783,1.54095,0.73765,0.1,0.09029999999999999,0.1,1.10725,1.0,0.9037,0.25,0.1864,0.2497,1.3413,1.00325,0.74745,0.42885,0.19025,0.3647,2.2266500000000002,1.1667,0.52605,2.1664000000000003,8.72485,2.0,0.8184,5.01,8107.9098,4.2292,0.5642,0.1266,0.971,0.1147,0.05685,-0.39890000000000003,0.9,0.9,0.0909,0.9091,0.11954999999999999,0.11954999999999999,1.0,0.11710000000000001
9,2,8.26733317023696,0.67805,0.72715,0.7694,0.83585,0.66445,0.7186,0.76415,0.8351999999999999,-4.0778,-3.4561,-2.92075,-2.07885,-4.258850000000001,-3.5715,-2.9936499999999997,-2.09145,0.0528,178498.2769,272.27914999999996,7592.27,28.370449999999998,0.16925,0.5934,1.59315,0.7503,0.1,0.09255,0.1,1.08035,1.0,0.9256,0.25005,0.1888,0.25065,1.32505,0.99725,0.7495499999999999,0.42495,0.19355,0.36035,2.1795999999999998,1.17445,0.5364,2.1662999999999997,8.823450000000001,2.0,0.8192999999999999,4.99,8107.9098,4.2092,0.5644,0.122,0.9709,0.10719999999999999,0.05675,-0.39955,0.9,0.9,0.0909,0.9091,0.1212,0.1212,1.0,0.11715
9,3,8.242157730979986,0.6889000000000001,0.7376,0.7768999999999999,0.838,0.67035,0.72395,0.76965,0.83675,-3.9404500000000002,-3.3245,-2.82625,-2.0522,-4.18455,-3.503,-2.9238999999999997,-2.0715000000000003,0.0484,183385.90075,352.8104,6955.10265,17.80805,0.1742,0.5730999999999999,1.4969000000000001,0.7292000000000001,0.1,0.08995,0.1,1.1118999999999999,1.0,0.89935,0.25,0.18725,0.24845,1.3351000000000002,1.00775,0.7598,0.4281,0.19275,0.36645,2.2268,1.16625,0.52625,2.1455,8.18555,3.0,0.81775,5.01,8490.4152,4.2292,0.56295,0.13595000000000002,0.97045,0.1187,0.05745,-0.39505,0.9,0.9,0.0909,0.9091,0.12125,0.12125,1.0,0.1153
9,4,8.095402688107363,0.6869,0.7369,0.7744,0.8372,0.66865,0.7241,0.76755,0.8358,-3.9661999999999997,-3.3331,-2.8579499999999998,-2.062,-4.20515,-3.5021500000000003,-2.9494,-2.0843499999999997,0.0511,177300.3371,292.0009,5962.93985,20.310299999999998,0.18514999999999998,0.58445,1.34125,0.7583,0.1,0.09104999999999999,0.1,1.09815,1.0,0.9106000000000001,0.25,0.1864,0.2492,1.3409499999999999,1.003,0.7476,0.42545,0.19195,0.36124999999999996,2.21485,1.18155,0.5306,2.12995,8.22015,2.0,0.8181,4.99,8107.9098,4.2092,0.5649500000000001,0.122,0.97085,0.10655,0.05675,-0.40059999999999996,0.9,0.9,0.0909,0.9091,0.12195,0.12195,1.0,0.11655
9,5,8.162501444877712,0.6811,0.7267,0.7693,0.8345,0.6651,0.71665,0.7633,0.8341000000000001,-4.0392,-3.46155,-2.9225,-2.09675,-4.2493,-3.5955500000000002,-3.0037000000000003,-2.1052999999999997,0.0562,181797.17875000002,184.82975,7514.22515,42.4655,0.17625000000000002,0.5900000000000001,1.7187999999999999,0.747,0.1,0.09185,0.1,1.08915,1.0,0.91815,0.2501,0.18645,0.25015,1.3409499999999999,1.0002499999999999,0.74515,0.4199,0.1904,0.36045,2.214,1.16575,0.5266,2.2523,9.2355,2.0,0.81965,5.01,8490.4152,4.2292,0.56495,0.13755,0.97115,0.1296,0.05665,-0.3941,0.9,0.9,0.0909,0.9091,0.1208,0.1208,1.0,0.11904999999999999
10,1,154.86162315836776,0.8409,0.8684499999999999,0.8928,0.9310499999999999,0.8396,0.8669,0.89245,0.9306,-2.0147500000000003,-1.6662,-1.3578000000000001,-0.873,-2.0352,-1.6897,-1.36525,-0.8806,0.7695000000000001,24413848.9442,212042.7715,4036669.0522499997,19.3479,0.9621999999999999,0.79925,26.68025,0.9911,0.10644999999999999,0.0413,0.0964,2.57315,1.0996000000000001,0.43165,0.13095,0.06125,0.08175,2.16425,1.5438,0.72945,0.06575,0.051699999999999996,0.0571,1.2862,1.17,0.89485,1.47925,2.4484500000000002,10.0,0.78095,6.952,709334.1205,6.1512,0.5267,0.0794,0.9517,0.0816,0.08105,-0.2803,0.9,0.9,0.0909,0.8182,0.12040000000000001,0.12040000000000001,1.0,0.1716
10,2,118.39055159851992,0.85625,0.87965,0.89935,0.9297,0.8521,0.87835,0.8985000000000001,0.9292,-1.8206,-1.5247,-1.27515,-0.8903,-1.8767,-1.5438,-1.2884000000000002,-0.89835,0.7193,21441475.94225,733972.79565,3090770.0138,4.2623999999999995,0.95425,0.7574000000000001,24.5244,0.9916,0.11754999999999999,0.04675,0.1081,2.49865,1.0806499999999999,0.4262,0.16870000000000002,0.06745000000000001,0.10185,2.5298499999999997,1.6553,0.6635,0.08524999999999999,0.06445000000000001,0.06584999999999999,1.3175,1.2782499999999999,0.97575,1.6206,3.42735,11.0,0.7803,6.94195,632289.76295,6.1311,0.53055,0.087,0.95165,0.08635000000000001,0.08115,-0.27765,0.9,0.9,0.0909,0.8182,0.11915,0.11915,1.0,0.16975
10,3,126.24109924565957,0.86905,0.89185,0.913,0.9384,0.8672500000000001,0.8914500000000001,0.9115500000000001,0.93755,-1.65895,-1.3702999999999999,-1.1019999999999999,-0.78005,-1.6844000000000001,-1.37765,-1.1235,-0.7922,0.39625,13760132.226950001,54863.9424,1955567.5920000002,35.341899999999995,0.9161,0.47735,45.0783,0.9942,0.1035,0.058,0.1049,1.7816,0.98535,0.5538000000000001,0.28905000000000003,0.09129999999999999,0.1169,3.18345,2.48565,0.77565,0.23970000000000002,0.06555,0.08954999999999999,3.67795,2.6934,0.7286999999999999,2.0864000000000003,5.3109,7.0,0.7878000000000001,6.8719,447353.3054,6.011,0.5438000000000001,0.08415,0.9525,0.0801,0.08074999999999999,-0.28515,0.9,0.9,0.0909,0.9091,0.11965,0.11965,1.0,0.14989999999999998
10,4,129.8227845846689,0.8362,0.8599,0.8841,0.9241,0.8330500000000001,0.8589,0.88175,0.92315,-2.07525,-1.7742,-1.4682,-0.9612499999999999,-2.1188000000000002,-1.7903,-1.5008,-0.9755,0.78425,30510201.9025,93119.21515,5313528.62135,56.98895,0.9632499999999999,0.8065,28.7761,0.98985,0.0934,0.034100000000000005,0.08505,2.76325,1.11105,0.40049999999999997,0.060450000000000004,0.045649999999999996,0.0513,1.3057500000000002,1.1759,0.87695,0.0339,0.031299999999999994,0.0344,1.1029,0.97605,0.90415,2.0846,5.9636499999999995,8.0,0.7747999999999999,7.1622,852964.45,6.2312,0.5245,0.0814,0.95045,0.08324999999999999,0.0824,-0.2683,0.9,0.9,0.0909,0.8182,0.1198,0.1198,1.0,0.17259999999999998
10,5,166.33782017587876,0.8588,0.8896,0.912,0.9397,0.85705,0.8874500000000001,0.9117500000000001,0.93895,-1.7884,-1.39855,-1.1147,-0.7636000000000001,-1.8144,-1.42895,-1.1198000000000001,-0.7746500000000001,0.0892,12388560.2356,39023.37105,625503.27085,15.995099999999999,0.90135,0.18664999999999998,28.7961,0.99495,0.1038,0.05645,0.1033,1.84375,1.006,0.5413,0.26955,0.09245,0.11095,2.91365,2.4337,0.8472500000000001,0.3628,0.0678,0.0859,5.38215,4.2291,0.7779,2.1757999999999997,7.29665,6.0,0.79645,6.8118,447353.3054,5.971,0.5434000000000001,0.0897,0.9532499999999999,0.08645,0.08045,-0.31020000000000003,0.9,0.9,0.0909,0.9091,0.12065000000000001,0.12065000000000001,1.0,0.1221
11,1,14.001837654235892,0.9741,0.97365,0.97485,0.9755499999999999,0.97465,0.9738500000000001,0.97435,0.9755,-0.32815,-0.33385,-0.31845,-0.3101,-0.3216,-0.3317,-0.32575,-0.31065,0.06755,8448250.25685,28804.4485,623207.5086000001,21.7905,0.84985,0.21415,119.92949999999999,0.9962,0.1,0.0508,0.1,1.96805,1.0,0.5081,0.25,0.0788,0.08365,3.1746,2.98745,0.9322,0.41600000000000004,0.0631,0.03805,6.6264,11.004950000000001,1.6485,2.2272499999999997,6.1377500000000005,15.5,0.77205,6.8118,355263.4677,5.9309,0.5587500000000001,0.057050000000000003,0.9394,0.056150000000000005,0.09825,-0.28154999999999997,0.9,0.9,0.0909,0.9091,0.11975,0.11975,1.0,0.11804999999999999
11,2,16.265000673759367,0.9709,0.9707,0.96985,0.97275,0.97055,0.971,0.96995,0.9729,-0.36819999999999997,-0.3715,-0.3823,-0.34550000000000003,-0.37370000000000003,-0.368,-0.38180000000000003,-0.3443,0.01805,8278599.15985,13235.0937,290443.5979,22.8781,0.866,0.1431,106.6806,0.9962,0.1,0.04965,0.1,2.01515,1.0,0.49624999999999997,0.25,0.077,0.07405,3.2468,3.3756500000000003,1.0258500000000002,0.47675,0.05715,0.0344,8.3447,14.0243,1.71915,2.22175,6.1995000000000005,14.5,0.77295,6.7918,355263.4677,5.9209,0.5597,0.0613,0.939,0.05905,0.0989,-0.28025,0.9,0.9,0.0909,0.9091,0.1202,0.1202,1.0,0.1111
11,3,10.998996694482864,0.95705,0.958,0.9595,0.9634,0.95835,0.9581999999999999,0.9601,0.96345,-0.5442,-0.53145,-0.51305,-0.4636,-0.5285500000000001,-0.53015,-0.50595,-0.46375,0.52625,12257016.63415,130533.83735,2458327.5634,19.760150000000003,0.9397,0.57765,94.5116,0.9937,0.10005,0.04745,0.1002,2.10935,1.0,0.47295,0.34919999999999995,0.07014999999999999,0.13585,4.97865,2.5671999999999997,0.5074000000000001,0.1201,0.056499999999999995,0.07775,2.1395,1.4868999999999999,0.72595,2.0852,4.8079,14.0,0.7596,6.8919,389574.5616,5.991,0.54855,0.05675,0.94025,0.06495000000000001,0.0967,-0.2487,0.9,0.9,0.0909,0.9091,0.121,0.121,1.0,0.15944999999999998
11,4,17.578511119074562,0.95475,0.9552499999999999,0.9545,0.95705,0.9551499999999999,0.9559,0.95535,0.9574,-0.57325,-0.5665,-0.57655,-0.5441,-0.5689,-0.55955,-0.5668500000000001,-0.5405,0.6023499999999999,13721665.4717,63044.04265,2649730.93515,42.7673,0.95915,0.63615,65.9975,0.993,0.10225000000000001,0.04615,0.10205,2.2313,1.0018,0.45020000000000004,0.3371,0.0648,0.14915,5.2208000000000006,2.20565,0.42805000000000004,0.0795,0.0608,0.0723,1.26795,1.0966,0.82755,1.9476499999999999,4.2136499999999995,14.0,0.7588,6.9119,407953.4503,6.031,0.54725,0.06455,0.9409,0.0728,0.09565,-0.2491,0.9,0.9,0.0909,0.8182,0.12179999999999999,0.12179999999999999,1.0,0.16365000000000002
11,5,14.318841594425535,0.9746,0.9741500000000001,0.97475,0.97495,0.97415,0.9744999999999999,0.97505,0.9752,-0.32215,-0.32789999999999997,-0.31975,-0.3174,-0.3278,-0.3235,-0.3167,-0.31420000000000003,0.0262,8363147.083000001,22782.1262,391267.87975,16.220950000000002,0.88845,0.14145000000000002,73.9693,0.99575,0.1,0.0498,0.1,2.0076,1.0,0.4981,0.25,0.07744999999999999,0.0828,3.2283999999999997,3.0211,0.91755,0.4245,0.05395,0.032350000000000004,7.8247,13.1177,1.68945,2.31685,7.5846,14.0,0.77205,6.7918,355263.4677,5.9209,0.55995,0.06284999999999999,0.9387,0.061649999999999996,0.0992,-0.2758,0.9,0.9,0.0909,0.9091,0.1187,0.1187,1.0,0.1127
12,1,1.5553748124617641,0.6688000000000001,0.73325,0.78655,0.86835,0.66615,0.73275,0.7864,0.86915,-4.19615,-3.37865,-2.7035,-1.66765,-4.236700000000001,-3.39015,-2.7098,-1.66005,0.13995000000000002,939186742.75875,5876616.0901,234898126.34969997,40.81625,0.3367,0.19075,7.0852,0.4799,0.09684999999999999,0.06545000000000001,0.09004999999999999,1.4819499999999999,1.07275,0.72235,0.1638,0.1138,0.13995000000000002,1.42805,1.1662,0.80855,0.1865,0.1294,0.14084999999999998,1.46095,1.33545,0.9215,15.02225,346.0931,26.5,0.7233499999999999,9.3544,7796360.1304,7.5526,0.5389,0.10894999999999999,0.9654,0.1022,0.06305,-0.13495000000000001,0.9,0.9,0.0909,0.9091,0.12045,0.12045,1.0,0.1266
12,2,0.891661974190157,0.67775,0.74875,0.80565,0.8879,0.6771,0.74735,0.8059000000000001,0.888,-4.0823,-3.18315,-2.4616499999999997,-1.42015,-4.09925,-3.2071,-2.4631,-1.42105,0.3214,1236664874.60565,40209419.09985,265748519.32555002,7.0363500000000005,0.60805,0.37555,12.387049999999999,0.7256,0.08460000000000001,0.058050000000000004,0.07830000000000001,1.46465,1.08745,0.73935,0.13424999999999998,0.09515000000000001,0.11635000000000001,1.40605,1.1583999999999999,0.82155,0.14100000000000001,0.10755,0.11485000000000001,1.3140999999999998,1.2229,0.9280999999999999,7.9604,105.22875,8.0,0.71265,9.2943,15566543.5927,7.7728,0.5307,0.1047,0.9616,0.0995,0.06755,-0.17665,0.9,0.9,0.0909,0.9091,0.121,0.121,1.0,0.1446
12,3,1.5749170179582492,0.7011499999999999,0.7663500000000001,0.81835,0.8969,0.6991,0.7661,0.8188,0.8969,-3.7849,-2.95965,-2.3009,-1.30605,-3.81675,-2.9692,-2.29995,-1.3082,0.15910000000000002,5287403653.2057495,253960215.56715,1758870921.06315,6.3157,0.41864999999999997,0.19065,34.6136,0.5420499999999999,0.0754,0.04925,0.0694,1.53745,1.0891000000000002,0.71,0.11605,0.0771,0.08825,1.50075,1.307,0.86835,0.1335,0.0931,0.09665,1.42065,1.3564,0.9586,15.835449999999998,385.3982,43.0,0.66675,10.225200000000001,11019385.88275,8.033,0.5284500000000001,0.10615,0.96035,0.10495,0.06925,-0.1052,0.9,0.9,0.0909,0.9091,0.11975,0.11975,1.0,0.12825
12,4,1.549137761844495,0.6766000000000001,0.7463500000000001,0.80305,0.88475,0.67475,0.74465,0.8020499999999999,0.88455,-4.0971,-3.2133,-2.4944499999999996,-1.4595500000000001,-4.12875,-3.2409999999999997,-2.51165,-1.4647999999999999,0.14535,3414615023.3247995,64429050.92515,1034823836.0544,16.6006,0.38485,0.17715,29.1446,0.5181,0.08804999999999999,0.061450000000000005,0.08180000000000001,1.4436499999999999,1.0813000000000001,0.7462,0.153,0.10705,0.133,1.4609,1.16285,0.8021,0.1585,0.11385,0.1243,1.3803,1.2395,0.9022,16.5701,422.161,46.0,0.6897,10.035,9375015.0151,7.8529,0.53455,0.10389999999999999,0.962,0.09775,0.0671,-0.1049,0.9,0.9,0.0909,0.9091,0.12190000000000001,0.12190000000000001,1.0,0.12940000000000002
12,5,6.960212110180471,0.67595,0.7461,0.8028500000000001,0.8807,0.6759,0.74605,0.80275,0.8806499999999999,-4.10455,-3.21685,-2.4970499999999998,-1.5114999999999998,-4.11265,-3.22255,-2.5028,-1.5143,0.1176,1640357526.4548001,12402050.275150001,432582652.91015,34.760149999999996,0.3178,0.1602,5.7366,0.4585,0.08455,0.05975,0.07815,1.4287,1.08535,0.7575000000000001,0.16745,0.11285,0.14079999999999998,1.48745,1.1864,0.8005,0.2151,0.1411,0.154,1.5227,1.38055,0.9070499999999999,15.53005,404.74235,32.0,0.7162,9.64465,12362095.4374,7.7928,0.5406,0.10665,0.9634,0.10535,0.06555,-0.1274,0.9,0.9,0.0909,0.9091,0.1205,0.1205,1.0,0.12445
13,1,6.041612332173241,0.6865,0.7504500000000001,0.80335,0.87325,0.68145,0.74745,0.8015000000000001,0.87305,-3.97165,-3.16145,-2.49125,-1.60565,-4.0434,-3.2060000000000004,-2.52045,-1.6120999999999999,0.78105,2405.9593000000004,5.8383,100.43845,17.0927,0.868,0.9034,3.4535,0.9959,0.07885,0.0458,0.07185,1.718,1.0979,0.641,0.1348,0.08175,0.11215,1.6433,1.2094,0.7357,0.142,0.0953,0.118,1.4856500000000001,1.1927500000000002,0.80175,0.2115,-0.0859,1.0,0.8312999999999999,2.2873,33.6145,1.7467,0.5293,0.10565,0.96685,0.1109,0.061649999999999996,-0.36645,0.9,0.9,0.0909,0.8182,0.12065000000000001,0.12065000000000001,0.9998,0.17325000000000002
13,2,6.768854261881554,0.70265,0.7676499999999999,0.81465,0.88325,0.69735,0.7656499999999999,0.81275,0.8823,-3.76635,-2.9432,-2.34835,-1.4794,-3.8392999999999997,-2.9733,-2.377,-1.4938500000000001,0.8417,2533.8543,6.47805,126.96725,19.680999999999997,0.9091,0.922,2.1727,0.996,0.07505,0.04405,0.06735,1.7304,1.1141999999999999,0.6433,0.1186,0.0735,0.09889999999999999,1.60575,1.2072,0.7524500000000001,0.1163,0.08405,0.10195,1.3921999999999999,1.1350500000000001,0.81185,0.2223,-0.17975000000000002,1.0,0.8305,2.3073,36.861,1.7868,0.5264,0.10925,0.96425,0.10285,0.06505,-0.35624999999999996,0.9,0.9,0.0909,0.8182,0.12085,0.12085,0.9998,0.17615
13,3,5.9620148484042375,0.6906,0.75055,0.79975,0.8657999999999999,0.6859,0.7459,0.7964,0.865,-3.9197499999999996,-3.16005,-2.5369,-1.6997499999999999,-3.98675,-3.22565,-2.58425,-1.7127,0.5163,1884.74515,6.62895,68.21195,10.420300000000001,0.73905,0.7566,2.6261,0.9916,0.09525,0.059,0.08795,1.60355,1.0889,0.6746,0.19540000000000002,0.10395,0.15705,1.8883,1.2497500000000001,0.6657,0.2361,0.12185,0.1807,1.9223,1.3022,0.6767000000000001,0.1873,0.06535,1.0,0.8383,2.2472,30.654,1.7067,0.5444,0.12425,0.9688,0.1153,0.0593,-0.40854999999999997,0.9,0.9,0.0909,0.9091,0.12165000000000001,0.12165000000000001,0.9996,0.158
13,4,6.518600644474816,0.6917,0.75315,0.79995,0.8653500000000001,0.68735,0.7497,0.79695,0.8642,-3.90515,-3.1272,-2.53395,-1.7053500000000001,-3.9676,-3.17675,-2.5763499999999997,-1.7236500000000001,0.4992,3034.9147000000003,1.3437999999999999,71.95365,52.15645,0.73225,0.75375,2.87585,0.9909,0.09465,0.05765,0.0867,1.61625,1.09155,0.6710499999999999,0.19979999999999998,0.1056,0.15485,1.8641999999999999,1.2748499999999998,0.6756500000000001,0.24435,0.12625,0.1846,1.9400499999999998,1.30215,0.6779,0.1555,0.07405,1.0,0.8369,2.2472,30.654,1.7067,0.54355,0.13319999999999999,0.9685,0.12329999999999999,0.05965,-0.41125,0.9,0.9,0.0909,0.9091,0.12135,0.12135,0.9996,0.15685
13,5,8.514637997574212,0.6892499999999999,0.7441,0.78935,0.85895,0.68035,0.7367,0.78445,0.85805,-3.9368499999999997,-3.24125,-2.6679,-1.7862,-4.05485,-3.3409,-2.73505,-1.80125,0.46455,2070.0062500000004,3.6426499999999997,55.4577,15.47035,0.6884,0.767,3.67295,0.99075,0.1033,0.06615,0.09855,1.5752000000000002,1.0487,0.6741,0.22145,0.11775,0.1777,1.87855,1.2381,0.65795,0.2498,0.12605,0.18569999999999998,1.96975,1.3484500000000001,0.6728,0.29245,0.1004,1.0,0.8392,2.2472,32.1001,1.7267,0.54435,0.12490000000000001,0.9698,0.11225,0.058050000000000004,-0.4208,0.9,0.9,0.0909,0.9091,0.12,0.12,0.9996,0.15365
14,1,0.021642063648336318,0.7323,0.79295,0.83945,0.9001,0.7255,0.78825,0.83695,0.89895,-3.39095,-2.62265,-2.03355,-1.26545,-3.4829,-2.6864999999999997,-2.0693,-1.2821,0.64185,143.59300000000002,1.1793,27.04525,22.988300000000002,0.8635,0.7275,49.85765,0.9564,0.08145,0.047850000000000004,0.07285,1.6917,1.1135000000000002,0.6595,0.1378,0.0853,0.10894999999999999,1.607,1.2636500000000002,0.7849999999999999,0.154,0.1045,0.11995,1.4836,1.30045,0.874,2.0635000000000003,6.1240000000000006,6.0,0.77785,1.9469,5.3177,1.0661,0.5326,0.09939999999999999,0.95965,0.0978,0.0702,-0.2892,0.9,0.9,0.0909,0.8182,0.12029999999999999,0.12029999999999999,0.9974,0.16444999999999999
14,2,0.048677493769176294,0.73095,0.7957,0.8423,0.9034500000000001,0.72155,0.7893,0.8385,0.90245,-3.4081,-2.5876,-1.99725,-1.2227000000000001,-3.53465,-2.67415,-2.0490500000000003,-1.23765,0.58785,39.668899999999994,1.28105,38.453649999999996,29.59955,0.85645,0.6556,10.7365,0.93835,0.09115000000000001,0.0514,0.0815,1.7689,1.10915,0.629,0.15005000000000002,0.08715,0.1116,1.72745,1.3560500000000002,0.7875,0.15075,0.0926,0.0822,1.6402,1.8624,1.1231499999999999,2.07695,6.49585,8.0,0.7639,2.027,5.5686,1.1061,0.5332,0.1015,0.959,0.09515,0.07105,-0.2807,0.9,0.9,0.0909,0.8182,0.12135,0.12135,0.9982,0.1625
14,3,0.0442749618335867,0.71635,0.7804500000000001,0.82935,0.8949,0.7081999999999999,0.7741,0.8253,0.8926499999999999,-3.5923,-2.781,-2.1618500000000003,-1.3306499999999999,-3.70325,-2.86625,-2.21645,-1.3619500000000002,0.43765,207.63025,0.77635,20.1289,25.65155,0.71685,0.59395,11.305150000000001,0.9345,0.10195,0.0603,0.0947,1.6843,1.07395,0.63195,0.1915,0.10300000000000001,0.15005000000000002,1.86245,1.2684,0.6764,0.22625,0.12195,0.1583,1.8557,1.4221,0.77595,2.0651,6.594250000000001,5.0,0.788,1.8268,3.8511,0.9259,0.54355,0.11019999999999999,0.96235,0.1031,0.06725,-0.31515000000000004,0.9,0.9,0.0909,0.9091,0.12054999999999999,0.12054999999999999,0.99335,0.1513
14,4,0.03265475429309461,0.7267999999999999,0.7874000000000001,0.8338,0.8962,0.72085,0.7818499999999999,0.8295,0.89395,-3.4606500000000002,-2.6934,-2.1050500000000003,-1.3153000000000001,-3.5425,-2.7672,-2.16355,-1.3458999999999999,0.4176,185.5101,0.2396,18.56925,78.8973,0.7616,0.5176499999999999,8.2131,0.8835500000000001,0.09795000000000001,0.0568,0.0907,1.7271,1.0914,0.6363,0.1896,0.10205,0.1464,1.8451499999999998,1.2868,0.6964,0.2193,0.1225,0.1513,1.80955,1.4753500000000002,0.8089,2.94855,15.0968,4.0,0.7843,1.9069,4.0328,0.9459,0.5385500000000001,0.1038,0.96185,0.09845,0.06785,-0.28890000000000005,0.9,0.9,0.0909,0.9091,0.12065000000000001,0.12065000000000001,0.9954,0.1508
14,5,0.03076777586599988,0.7344,0.7948500000000001,0.8405,0.9008,0.72435,0.7885500000000001,0.8377,0.8994,-3.3643,-2.5989,-2.0204500000000003,-1.2570999999999999,-3.4984,-2.6833,-2.0599,-1.2765,0.57855,181.06259999999997,1.3415499999999998,39.88075,29.057450000000003,0.83665,0.661,30.71075,0.9464,0.0791,0.0491,0.07205,1.6065999999999998,1.09935,0.6799999999999999,0.14235,0.087,0.113,1.6311499999999999,1.25305,0.7755,0.16515,0.10715,0.11685000000000001,1.54285,1.4045999999999998,0.9278500000000001,2.31785,7.4534,5.0,0.7755,2.0871,5.5686,1.1061,0.5325500000000001,0.1079,0.95995,0.0997,0.0708,-0.27949999999999997,0.9,0.9,0.0909,0.8182,0.12125,0.12125,0.9984,0.1617
15,1,25.827908512368595,0.67745,0.74195,0.79095,0.8612,0.6749499999999999,0.7403500000000001,0.78945,0.86085,-4.08575,-3.26925,-2.6485,-1.758,-4.12575,-3.2953,-2.6725000000000003,-1.7664499999999999,0.4709,1975.0056,2.5161,89.41579999999999,35.28335,0.64025,0.6638999999999999,3.41535,0.8763000000000001,0.09745000000000001,0.06605,0.0917,1.4698,1.06455,0.71965,0.1915,0.11754999999999999,0.1601,1.6306500000000002,1.2092,0.7428,0.21055000000000001,0.1407,0.1762,1.48275,1.1865,0.7987,2.3807,10.5271,3.0,0.80735,2.5876,23.247,1.6867,0.5467500000000001,0.11715,0.9667,0.10600000000000001,0.062,-0.3174,0.9,0.9,0.0909,0.9091,0.12,0.12,0.9998,0.15660000000000002
15,2,23.68394962759492,0.6988,0.7564500000000001,0.80625,0.87465,0.6953499999999999,0.7545999999999999,0.80515,0.8742,-3.8152,-3.08485,-2.4545000000000003,-1.58745,-3.8646000000000003,-3.1134500000000003,-2.4724,-1.59645,0.4547,1344.6405,2.1275,210.20175,102.42795000000001,0.70655,0.5572,7.0085,0.8505,0.09115000000000001,0.0565,0.0837,1.63015,1.0901999999999998,0.6771,0.16875,0.10275,0.1372,1.6507,1.2296,0.7423500000000001,0.1779,0.12385,0.14915,1.4238499999999998,1.18845,0.8378,6.4755,114.7387,5.0,0.7912,2.8478,25.4921,1.7467,0.5378499999999999,0.1084,0.9642,0.09845000000000001,0.065,-0.23754999999999998,0.9,0.9,0.0909,0.9091,0.1216,0.1216,1.0,0.15395
15,3,22.396400420354702,0.69435,0.7636499999999999,0.8140000000000001,0.88505,0.6938500000000001,0.76105,0.81195,0.8845000000000001,-3.87155,-2.99405,-2.3558,-1.45635,-3.8861499999999998,-3.03205,-2.3863000000000003,-1.46555,0.48325,1941.1967,50.309200000000004,364.74559999999997,7.2322,0.70175,0.5513,8.7247,0.8186,0.0824,0.0527,0.07444999999999999,1.5666,1.10075,0.70475,0.14555,0.0959,0.12384999999999999,1.52535,1.1813500000000001,0.77645,0.13215,0.10425000000000001,0.1158,1.2597,1.1174,0.8956500000000001,6.9788,91.5204,3.0,0.7777000000000001,3.1481,40.421,1.967,0.53235,0.10565,0.96185,0.09864999999999999,0.0672,-0.225,0.9,0.9,0.0909,0.9091,0.11965,0.11965,1.0,0.1548
15,4,26.134061457130283,0.6918,0.75255,0.8017,0.87,0.6874,0.7493000000000001,0.8001,0.86955,-3.90395,-3.1347,-2.5121,-1.6468,-3.96645,-3.1822999999999997,-2.53665,-1.6545999999999998,0.5617,830.6089,1.38355,81.0353,60.907349999999994,0.7148000000000001,0.7429,3.1901,0.9181,0.09805,0.06055,0.0899,1.6179000000000001,1.08725,0.66595,0.17645,0.1065,0.14635,1.6373,1.1933500000000001,0.7306999999999999,0.18030000000000002,0.12755,0.15595,1.413,1.1628500000000002,0.82595,1.8407,5.6745,2.0,0.8164,2.4074,19.3324,1.5465,0.543,0.11599999999999999,0.9661500000000001,0.1068,0.06265000000000001,-0.3275,0.9,0.9,0.0909,0.9091,0.12104999999999999,0.12104999999999999,0.9996,0.16065000000000002
15,5,27.389678318279266,0.68255,0.741,0.7868999999999999,0.85715,0.6789000000000001,0.7377,0.7853,0.85645,-4.0211,-3.2806499999999996,-2.6996,-1.8094999999999999,-4.0753,-3.32845,-2.7243500000000003,-1.82225,0.33485,733.0320999999999,1.35925,65.6137,49.063199999999995,0.5683,0.53825,2.72715,0.81875,0.1027,0.07155,0.09784999999999999,1.43025,1.04525,0.73,0.21625,0.13085,0.18109999999999998,1.65395,1.18995,0.72235,0.26649999999999996,0.15289999999999998,0.20915,1.7311999999999999,1.27295,0.7295499999999999,3.5602,27.27615,3.0,0.80915,2.6076,20.722,1.6266,0.54955,0.12329999999999999,0.96785,0.1113,0.060899999999999996,-0.30169999999999997,0.9,0.9,0.0909,0.9091,0.12005,0.12005,0.9998,0.14425
16,1,6.61643573293059,0.99975,0.9995499999999999,1.0002,0.99965,1.0,0.9997,1.0004,0.9996,-0.0035499999999999998,-0.0056,0.0023500000000000005,-0.0048000000000000004,-0.0004999999999999999,-0.00405,0.0049,-0.005350000000000001,-0.0001,155.3509,0.01285,0.2571,18.6327,-5e-05,-0.00019999999999999998,19.3571,-0.00065,0.1,0.1,0.1,1.0,1.0,1.0,0.25,0.25,0.25,1.0,1.0,1.0,0.5016499999999999,0.50315,0.5005999999999999,0.9978,0.9997499999999999,1.0032999999999999,0.7681,0.9056500000000001,1.0,0.8671,1.4865,4.223,0.8659,0.6665,0.0475,0.91105,0.0527,0.1237,-0.56125,0.9,0.9,0.0909,0.9091,0.12010000000000001,0.12010000000000001,0.9244,0.10925
16,2,7.2340124767090686,0.9984500000000001,1.00055,1.0003,0.9997,0.99945,0.9999,1.0002499999999999,0.99985,-0.0196,0.00715,0.0039,-0.004050000000000001,-0.0071,-0.0011000000000000003,0.00305,-0.002,-0.00015000000000000001,-271.2088,0.01065,0.24330000000000002,21.675849999999997,-0.00045,-0.00039999999999999996,24.069850000000002,-0.00125,0.1,0.1,0.1,1.0,1.0,1.0,0.25,0.25,0.25,1.0,1.0,1.0,0.5006,0.5009999999999999,0.5003,0.99945,0.9995,0.9939,0.75275,0.82125,1.0,0.8677,1.4665,4.223,0.8859,0.6657,0.0495,0.91135,0.048850000000000005,0.1236,-0.55965,0.9,0.9,0.0909,0.9091,0.12040000000000001,0.12040000000000001,0.92435,0.1095
16,3,6.170146509907177,0.9986999999999999,0.99685,0.99855,1.0002499999999999,0.99885,0.99695,0.9988,1.0002499999999999,-0.0165,-0.040150000000000005,-0.018250000000000002,0.0028,-0.0141,-0.039,-0.015099999999999999,0.0035000000000000005,-0.00030000000000000003,183.09125,0.0074,0.21725,24.302100000000003,-0.0007,-0.0003,20.28615,-0.00125,0.1,0.1,0.1,1.0,1.0,1.0,0.25,0.25,0.25,1.0,1.0,1.0,0.5021,0.5033000000000001,0.50195,0.99405,1.0007000000000001,1.004,0.7606999999999999,0.8787,1.0,0.86685,1.4865,4.223,0.8659,0.6649499999999999,0.0513,0.9116,0.0534,0.12355,-0.55965,0.9,0.9,0.0909,0.9091,0.12040000000000001,0.12040000000000001,0.92475,0.10955000000000001
16,4,6.456447193145721,1.00055,1.0002499999999999,1.0014500000000002,1.00015,1.0,1.0008499999999998,1.0014,1.00015,0.00715,0.0033,0.01815,0.0018,-0.00010000000000000026,0.0108,0.01755,0.0024000000000000002,-0.0003,-434.03864999999996,0.0142,0.21534999999999999,14.4735,-0.00015,-0.0002,16.162,-0.0009,0.1,0.1,0.1,1.0,1.0,1.0,0.25,0.25,0.25,1.0,1.0,1.0,0.5016499999999999,0.4985,0.5026999999999999,1.0058500000000001,1.0018500000000001,0.99885,0.7434499999999999,0.7794,1.0,0.8682,1.4865,4.223,0.8859,0.6668,0.042,0.911,0.048549999999999996,0.12405,-0.561,0.9,0.9,0.0909,0.9091,0.12054999999999999,0.12054999999999999,0.9248,0.10955000000000001
16,5,6.511846871921232,0.9995499999999999,1.0009000000000001,1.0004,0.9998,1.001,1.0014500000000002,1.0005,0.9997,-0.0059499999999999996,0.01185,0.005050000000000001,-0.0024000000000000002,0.01245,0.0185,0.00665,-0.00385,-0.0001,26.758499999999998,0.0089,0.2398,26.75925,0.0001,-0.00015000000000000001,17.594900000000003,-0.00145,0.1,0.1,0.1,1.0,1.0,1.0,0.25,0.25,0.25,1.0,1.0,1.0,0.50105,0.49950000000000006,0.49934999999999996,1.00435,1.0035500000000002,1.0001,0.7604,0.82555,1.0,0.86775,1.4865,4.223,0.8659,0.6669,0.0485,0.9115,0.054099999999999995,0.1235,-0.56015,0.9,0.9,0.0909,0.9091,0.1197,0.1197,0.92465,0.109
17,1,0.41037295190290024,0.72475,0.79385,0.8425,0.9043000000000001,0.7215,0.79175,0.84145,0.9035500000000001,-3.4867999999999997,-2.6115000000000004,-1.9948000000000001,-1.21205,-3.5341,-2.64315,-2.0121,-1.2236500000000001,0.42469999999999997,117.77685,0.7913,21.2079,27.00525,0.6649499999999999,0.5179499999999999,28.86205,0.8130999999999999,0.07205,0.052250000000000005,0.06620000000000001,1.3879000000000001,1.07925,0.77875,0.13005,0.0899,0.1042,1.4579499999999999,1.2605,0.86625,0.179,0.11845,0.11879999999999999,1.50885,1.51535,0.9941,3.69595,25.45015,7.0,0.7618,2.047,3.3537,0.9459,0.5550999999999999,0.0875,0.953,0.08515,0.07819999999999999,-0.2673,0.9,0.9,0.0909,0.9091,0.1211,0.1211,0.9967,0.1523
17,2,0.3243121446745363,0.72905,0.78045,0.8226,0.8826,0.7219,0.7754,0.81985,0.88135,-3.43185,-2.7809,-2.2475,-1.4870999999999999,-3.52925,-2.85,-2.28635,-1.50515,0.296,50.1415,0.07014999999999999,3.0828499999999996,42.72895,0.51975,0.42125,4.44495,0.72445,0.10285,0.08965000000000001,0.10164999999999999,1.1455,1.01425,0.8854500000000001,0.2206,0.1728,0.2036,1.2772999999999999,1.0865,0.8509,0.25545,0.1906,0.21989999999999998,1.3552,1.16315,0.8644499999999999,4.184749999999999,30.6341,3.0,0.8165,1.3063,0.8412,0.2252,0.5912,0.0896,0.95185,0.0853,0.08065,-0.28169999999999995,0.9,0.9,0.1818,0.9091,0.1204,0.1204,0.8903,0.14235
17,3,0.23101293785762778,0.7434000000000001,0.79845,0.84145,0.9056,0.73875,0.7959,0.84045,0.9047000000000001,-3.25025,-2.5532,-2.00785,-1.1958,-3.3152999999999997,-2.5892999999999997,-2.0236,-1.20925,0.62595,317.97555,0.17375,5.0662,29.2048,0.79735,0.67335,3.95655,0.8625,0.09095,0.0753,0.08705,1.2168999999999999,1.0445,0.86575,0.14625,0.1202,0.13315,1.2095500000000001,1.0883500000000002,0.90245,0.13475,0.1187,0.1245,1.1318000000000001,1.08475,0.96195,2.18095,7.38275,5.0,0.8051,1.2863,1.1616,0.3654,0.57375,0.07880000000000001,0.9475,0.0884,0.0848,-0.29705000000000004,0.9,0.9,0.0909,0.8182,0.12015,0.12015,0.9324,0.16394999999999998
17,4,0.31015971230378625,0.7348,0.79225,0.8351,0.89305,0.73055,0.78965,0.8328500000000001,0.89255,-3.35865,-2.6319999999999997,-2.0887000000000002,-1.3547500000000001,-3.419,-2.6700999999999997,-2.12075,-1.3638,0.37595,79.0848,0.15515,4.80415,30.574199999999998,0.6234,0.47050000000000003,6.3767,0.7762,0.09265,0.07595,0.0882,1.2095,1.0399,0.87225,0.18035,0.1459,0.1661,1.24125,1.08895,0.88075,0.23225,0.18575,0.20875,1.2505000000000002,1.1265999999999998,0.8922000000000001,4.1096,28.5295,3.0,0.8179000000000001,1.4264,1.0593,0.3253,0.5858,0.07569999999999999,0.9493,0.07155,0.0831,-0.2724,0.9,0.9,0.0909,0.9091,0.12165000000000001,0.12165000000000001,0.93925,0.1468
17,5,0.28187118985889015,0.75085,0.7962,0.8327,0.88545,0.74295,0.7927,0.8304,0.88415,-3.1555,-2.5808999999999997,-2.11945,-1.45075,-3.2615499999999997,-2.6304999999999996,-2.1519,-1.4703,0.25415,-121.2176,0.11535000000000001,3.2654,28.28635,0.54855,0.3434,10.9744,0.734,0.1009,0.0955,0.10105,1.05815,0.9963,0.9397,0.24985000000000002,0.2034,0.2354,1.23295,1.06415,0.864,0.3136,0.24004999999999999,0.27490000000000003,1.31005,1.1351499999999999,0.8708,7.05025,76.4168,3.0,0.8291,1.4064,0.6681,0.0851,0.6026,0.07005,0.9485,0.06305,0.0849,-0.2092,0.9,0.9,0.0909,0.9091,0.11979999999999999,0.11979999999999999,0.91355,0.138
18,1,1.031064814936098,0.7383,0.8008500000000001,0.8507,0.9079999999999999,0.73485,0.79835,0.849,0.90705,-3.3151,-2.5227000000000004,-1.89165,-1.16525,-3.3653,-2.5587999999999997,-1.9159000000000002,-1.1796,0.4242,572.45565,3.02465,97.53065000000001,33.09385,0.67825,0.51615,28.6727,0.8141499999999999,0.0721,0.052500000000000005,0.06755,1.3608500000000001,1.0728,0.7885,0.13035,0.091,0.10400000000000001,1.4193,1.2497500000000001,0.8765000000000001,0.17880000000000001,0.12040000000000001,0.1197,1.47895,1.471,1.002,3.99215,27.62145,6.0,0.7604,2.7077,14.6611,1.5766,0.5574,0.08775,0.95255,0.0815,0.07915,-0.2667,0.9,0.9,0.0909,0.9091,0.12054999999999999,0.12054999999999999,0.9998,0.15250000000000002
18,2,1.06453184502762,0.7602,0.8003,0.8359000000000001,0.88985,0.753,0.79545,0.8323,0.8886,-3.03755,-2.5301,-2.0783500000000004,-1.3956,-3.1340500000000002,-2.596,-2.12775,-1.41365,0.2923,143.5476,0.39265,11.6433,29.05995,0.5173000000000001,0.41115,4.05615,0.7195,0.1028,0.0889,0.10185,1.1574499999999999,1.0104,0.87525,0.2286,0.17225000000000001,0.2074,1.32815,1.1050499999999999,0.8322,0.26625,0.19619999999999999,0.2303,1.3546,1.16005,0.85165,4.1483,30.80355,3.0,0.8204,1.9069,3.6776,0.8458,0.5908,0.08165,0.9506,0.07819999999999999,0.08185,-0.2896,0.9,0.9,0.0909,0.9091,0.1206,0.1206,0.9921,0.14075
18,3,1.2233697175561815,0.7629999999999999,0.815,0.85535,0.9148499999999999,0.75795,0.81245,0.8534999999999999,0.9147000000000001,-3.0025500000000003,-2.34335,-1.83235,-1.0787,-3.0730500000000003,-2.3806,-1.8606,-1.0827,0.6146,456.6089,1.00065,20.556,20.43815,0.7888,0.66135,3.59405,0.84765,0.09175,0.0756,0.0878,1.2118000000000002,1.0487000000000002,0.8724000000000001,0.15,0.12390000000000001,0.1372,1.1934,1.09325,0.9129,0.14185,0.12505,0.131,1.12285,1.0748,0.9562999999999999,2.22135,7.90795,4.0,0.81035,1.9069,5.0782,1.006,0.5791,0.08115,0.94495,0.07645,0.0876,-0.30265,0.9,0.9,0.0909,0.8182,0.11879999999999999,0.11879999999999999,0.9956,0.16475
18,4,1.3667408470805107,0.75425,0.8019499999999999,0.8402499999999999,0.8968499999999999,0.74725,0.7981,0.8382000000000001,0.8957999999999999,-3.1135,-2.5092999999999996,-2.02365,-1.3066,-3.2089,-2.5622999999999996,-2.0530999999999997,-1.3223500000000001,0.38444999999999996,204.4386,1.1938,20.17735,17.022399999999998,0.6294500000000001,0.47165,6.1241,0.77245,0.09395,0.07515,0.09045,1.25085,1.0413999999999999,0.83005,0.18485000000000001,0.1447,0.16720000000000002,1.25465,1.0888,0.8693,0.23015,0.1874,0.2066,1.2282,1.10805,0.90255,4.36465,30.9673,3.5,0.8168500000000001,2.0671,4.4223,0.9459,0.5887,0.07575,0.9489,0.06989999999999999,0.08345,-0.26695,0.9,0.9,0.0909,0.9091,0.1205,0.1205,0.9963,0.14895
18,5,1.6544661395685267,0.78015,0.81675,0.8477,0.8941,0.7718,0.8117000000000001,0.84475,0.8924,-2.7845000000000004,-2.32105,-1.9287,-1.34195,-2.89615,-2.3894,-1.96955,-1.3656000000000001,0.2629,-38.933949999999996,0.52635,15.02835,30.583099999999998,0.5520499999999999,0.35014999999999996,15.318650000000002,0.7371000000000001,0.1001,0.0958,0.1008,1.04905,0.9938,0.9452,0.2612,0.19929999999999998,0.24285,1.3085499999999999,1.0832,0.8222,0.31925000000000003,0.2328,0.27344999999999997,1.3664,1.1669999999999998,0.8575999999999999,7.043900000000001,76.74425,3.0,0.82945,2.047,2.6633,0.7257,0.6051500000000001,0.08465,0.94755,0.07980000000000001,0.08555,-0.2033,0.9,0.9,0.0909,0.9091,0.11885,0.11885,0.9952,0.1394
19,1,2.476893901751154,0.69965,0.74275,0.77835,0.8392999999999999,0.6829,0.7298,0.77115,0.8379,-3.80445,-3.25815,-2.8079,-2.03565,-4.0225,-3.4299,-2.9038,-2.0568999999999997,0.045,-41.16225,0.10015,2.0647,20.9453,0.17154999999999998,0.5626500000000001,1.4200499999999998,0.7197,0.1,0.09115000000000001,0.1,1.09665,1.0,0.91185,0.25,0.1875,0.2491,1.33555,1.0042499999999999,0.7546999999999999,0.42774999999999996,0.19275,0.36429999999999996,2.22185,1.17765,0.5294,2.22465,8.44105,2.0,0.8188,1.4665,2.4288,0.6857,0.56455,0.12035,0.9689,0.10825,0.05995,-0.39305,0.9,0.9,0.0909,0.9091,0.12065000000000001,0.12065000000000001,0.9528,0.1137
19,2,2.5647463064690115,0.6868000000000001,0.7301500000000001,0.7698499999999999,0.83445,0.67765,0.72355,0.76655,0.8346,-3.9673499999999997,-3.41805,-2.91465,-2.0968999999999998,-4.0903,-3.5082,-2.9622,-2.0988499999999997,0.04655,131.43085000000002,0.03325,1.8874,55.913250000000005,0.1645,0.5903499999999999,2.1252,0.735,0.1,0.09545000000000001,0.1,1.0478,1.0,0.9543999999999999,0.25,0.19290000000000002,0.25205,1.2968,0.9923500000000001,0.76665,0.42795,0.19485,0.36324999999999996,2.1714,1.17625,0.5380499999999999,2.1782,8.64495,2.0,0.82145,1.4464,2.3193,0.6657,0.56685,0.12525,0.9694,0.11555,0.05945,-0.40095000000000003,0.9,0.9,0.0909,0.9091,0.1207,0.1207,0.94555,0.11574999999999999
19,3,2.4688707399570404,0.7001,0.7417,0.7791,0.83885,0.6844,0.73005,0.77135,0.837,-3.7990500000000003,-3.27205,-2.79785,-2.04105,-4.005599999999999,-3.4259,-2.9024,-2.06855,0.0434,274.6621,0.058550000000000005,1.7776,31.017250000000004,0.16949999999999998,0.57405,1.42135,0.7363,0.1,0.0915,0.1,1.0929,1.0,0.915,0.25,0.18755,0.24964999999999998,1.3332,1.0015,0.7544500000000001,0.42885,0.1924,0.3651,2.23065,1.17775,0.526,2.2004,8.945450000000001,2.0,0.8204,1.4464,2.37405,0.6857,0.5659,0.13165,0.9692,0.12015,0.05975,-0.39844999999999997,0.9,0.9,0.0909,0.9091,0.12004999999999999,0.12004999999999999,0.9489000000000001,0.1153
19,4,2.499634789031944,0.6950000000000001,0.73715,0.7746,0.8382499999999999,0.6817500000000001,0.7266,0.7683,0.837,-3.86375,-3.32935,-2.85475,-2.04895,-4.0381,-3.46985,-2.9405,-2.0679,0.045899999999999996,3.1014999999999997,0.1285,1.6209500000000001,12.7954,0.1659,0.562,1.6784,0.71295,0.1,0.0921,0.1,1.0855000000000001,1.0,0.92125,0.2501,0.1875,0.24995,1.3348,1.00075,0.75235,0.42815000000000003,0.19585000000000002,0.36650000000000005,2.18915,1.17045,0.5338499999999999,2.3915499999999996,10.5417,3.0,0.8191,1.4665,2.4288,0.6857,0.56505,0.1182,0.9692,0.1055,0.0595,-0.39315,0.9,0.9,0.0909,0.9091,0.1197,0.1197,0.9521,0.11305
19,5,2.3386498560361133,0.7010000000000001,0.7401,0.7774,0.839,0.68665,0.7292,0.7702,0.83695,-3.7868500000000003,-3.29215,-2.8194,-2.0399000000000003,-3.9772,-3.43755,-2.91685,-2.0694999999999997,0.04715,-553.1852,0.0809,1.7879,21.16515,0.17815,0.5686,1.5928499999999999,0.73205,0.1,0.09135,0.1,1.0944,1.0,0.9137500000000001,0.25,0.1864,0.24895,1.3414000000000001,1.005,0.74515,0.4284,0.19065,0.3626,2.23865,1.1813500000000001,0.5266,2.1741,9.12195,2.0,0.82145,1.4464,2.3193,0.6657,0.5660499999999999,0.11605,0.96915,0.10285,0.0597,-0.39905,0.9,0.9,0.0909,0.9091,0.12090000000000001,0.12090000000000001,0.9470000000000001,0.11510000000000001
20,1,0.5980528689797779,0.69375,0.7464,0.79255,0.86355,0.6918500000000001,0.7441,0.7910999999999999,0.8631500000000001,-3.87935,-3.2121,-2.6275500000000003,-1.72865,-3.90915,-3.24655,-2.6504000000000003,-1.73655,0.65985,106819.1059,225.817,12370.6364,55.1305,0.73645,0.9212,30.613349999999997,0.9987,0.1102,0.06684999999999999,0.10445,1.6557,1.0546,0.64,0.1899,0.1123,0.1502,1.67795,1.2604,0.7464999999999999,0.17525,0.11805,0.13895000000000002,1.4837500000000001,1.2725499999999998,0.8581000000000001,1.1911,1.5708000000000002,2.0,0.81725,4.5495,3703.1267,3.8488,0.54565,0.12040000000000001,0.9662,0.11044999999999999,0.062299999999999994,-0.3457,0.9,0.9,0.0909,0.8182,0.12095,0.12095,1.0,0.16735
20,2,0.5736240441927976,0.69905,0.7546999999999999,0.7992,0.8678,0.6947,0.75235,0.7986,0.8673500000000001,-3.81205,-3.1069500000000003,-2.5436,-1.6743999999999999,-3.87465,-3.142,-2.5557499999999997,-1.68315,0.65845,108012.07035,158.33175,12342.512999999999,78.2822,0.73525,0.9202,29.3233,0.9987,0.1102,0.0666,0.1048,1.65365,1.0507,0.6334,0.1872,0.11044999999999999,0.1485,1.6852,1.2558500000000001,0.75065,0.1766,0.1187,0.13855,1.4812,1.2669,0.8567,1.18115,1.536,3.0,0.81915,4.5395,3536.2955,3.8288,0.5464,0.1152,0.96565,0.10544999999999999,0.0631,-0.34704999999999997,0.9,0.9,0.0909,0.8182,0.1211,0.1211,1.0,0.16510000000000002
20,3,0.500722411639174,0.6993,0.7497499999999999,0.79655,0.8661,0.6967,0.7483500000000001,0.7958000000000001,0.8661,-3.8087999999999997,-3.17,-2.5772000000000004,-1.6961499999999998,-3.84865,-3.19295,-2.59085,-1.69915,0.65825,107363.9977,178.40955,12359.9756,68.10055,0.7338,0.9218,31.335,0.9987,0.1098,0.06620000000000001,0.10375,1.6569500000000001,1.05695,0.64025,0.18745,0.1114,0.14695,1.6917,1.26325,0.7548999999999999,0.1768,0.1183,0.1403,1.4854500000000002,1.26215,0.84765,1.1935,1.5880999999999998,2.0,0.8175,4.5295,3703.1267,3.8288,0.5472,0.12095,0.96605,0.1051,0.0626,-0.34925,0.9,0.9,0.0909,0.8182,0.12029999999999999,0.12029999999999999,1.0,0.16525
20,4,0.5397513716680038,0.6938,0.74725,0.7938000000000001,0.863,0.6913499999999999,0.74595,0.792,0.863,-3.87845,-3.2022,-2.6123000000000003,-1.7353,-3.9181,-3.22355,-2.64065,-1.7385000000000002,0.6649,107252.73435,181.52065,12406.211449999999,70.7777,0.7397,0.9225,32.254400000000004,0.9987,0.10955000000000001,0.0665,0.1043,1.6537,1.0528499999999998,0.6393,0.1883,0.11095,0.14805000000000001,1.6833,1.26895,0.7503,0.175,0.11835,0.13845000000000002,1.48,1.2771,0.85355,1.18245,1.4926,2.0,0.81745,4.5395,3877.8284,3.8488,0.54715,0.12825,0.9662999999999999,0.1151,0.06235,-0.3469,0.9,0.9,0.0909,0.8182,0.12,0.12,1.0,0.1668
20,5,0.604941150396288,0.69535,0.75075,0.7988999999999999,0.86805,0.69085,0.7495499999999999,0.798,0.86805,-3.85855,-3.1567499999999997,-2.54765,-1.6712,-3.9237,-3.1778,-2.56305,-1.67445,0.6577,107612.2206,294.5537,12255.04485,43.01015,0.73445,0.9204,32.951449999999994,0.9987,0.11075,0.06765,0.10485,1.6475499999999998,1.0554999999999999,0.639,0.1887,0.1127,0.15005000000000002,1.67935,1.2476,0.7435499999999999,0.17754999999999999,0.11905,0.1404,1.47125,1.2589000000000001,0.8514999999999999,1.21545,1.74925,2.0,0.8185,4.5495,3703.1267,3.8488,0.54695,0.11615,0.96585,0.1038,0.0629,-0.3493,0.9,0.9,0.0909,0.8182,0.12015,0.12015,1.0,0.16570000000000001
21,1,1.9405715654854703,0.9158999999999999,0.91645,0.9194,0.92945,0.9206,0.91875,0.9202,0.9297,-1.06575,-1.05815,-1.02145,-0.89355,-1.0074,-1.03105,-1.0123,-0.8923000000000001,0.03945,119.96055,0.0066,0.27065,40.69465,0.1111,0.15495,4.7213,0.2637,0.1,0.1004,0.1,0.9962500000000001,1.0,1.00375,0.25015,0.24035,0.25055,1.04215,0.998,0.95835,0.41974999999999996,0.31665,0.3802,1.3140999999999998,1.10305,0.8383,-2.436,12.28005,2.0,0.82895,0.7257,0.4024,-0.0751,0.599,0.06795,0.94445,0.0668,0.09115000000000001,-0.59285,0.9,0.9,0.9091,0.9091,0.12215,0.12215,0.29265,0.1143
21,2,1.6171382252274475,0.91625,0.91835,0.9228000000000001,0.9318,0.92215,0.9211499999999999,0.92495,0.93205,-1.0613000000000001,-1.03445,-0.9774,-0.8636999999999999,-0.98815,-0.9999,-0.9519,-0.86295,0.0279,77.39485,0.00745,0.26825,39.387950000000004,0.11845,0.14105,3.7293000000000003,0.26075000000000004,0.1,0.10035,0.1,0.9969,1.0,1.0030999999999999,0.25,0.24175000000000002,0.2512,1.0343499999999999,0.99525,0.96335,0.4333,0.31315000000000004,0.38549999999999995,1.3886,1.1168,0.8064,-2.4169,11.91245,2.0,0.83045,0.7457,0.4213,-0.0751,0.5992500000000001,0.06739999999999999,0.9449,0.062450000000000006,0.0904,-0.5921,0.9,0.9,0.9091,0.9091,0.12004999999999999,0.12004999999999999,0.3053,0.11225
21,3,0.5048572136147413,0.8679,0.8852,0.89485,0.91515,0.8751,0.8875,0.8962,0.9158,-1.6733,-1.4539499999999999,-1.33155,-1.0742500000000001,-1.58495,-1.4274499999999999,-1.3179,-1.0685,0.02225,-292.41565,0.01025,0.19490000000000002,21.9057,0.09570000000000001,0.1899,2.5145,0.30905000000000005,0.1,0.1004,0.1,0.9963,1.0,1.0037,0.25,0.23775,0.2504,1.0523,0.99925,0.9490000000000001,0.45405,0.3153,0.40095000000000003,1.4392,1.1312,0.7867,-2.2291999999999996,10.03345,2.0,0.83135,0.7658,0.4412,-0.035,0.59485,0.06645000000000001,0.94835,0.061,0.08715,-0.5985499999999999,0.9,0.9,0.9091,0.9091,0.11985000000000001,0.11985000000000001,0.3207,0.112
21,4,1.3846449594000863,0.8893500000000001,0.8981,0.9053500000000001,0.9201,0.893,0.90095,0.9058999999999999,0.92045,-1.4012,-1.29115,-1.19935,-1.0126,-1.3578000000000001,-1.2572999999999999,-1.19465,-1.0093,0.07039999999999999,46.37845,0.0242,0.3183,11.9558,0.12285,0.20615,3.31785,0.3019,0.1,0.10005,0.1,0.9994000000000001,1.0,1.0006,0.25285,0.23685,0.25055,1.0707,1.01145,0.94395,0.3948,0.3089,0.3648,1.27735,1.07805,0.84545,-2.3805,11.74495,2.0,0.82795,0.7457,0.4213,-0.0751,0.59795,0.06945,0.94625,0.06085,0.0888,-0.58975,0.9,0.9,0.9091,0.9091,0.1192,0.1192,0.31135,0.11805
21,5,1.851154590272074,0.90195,0.89935,0.90205,0.9143,0.90635,0.9014500000000001,0.9028499999999999,0.91425,-1.242,-1.2746499999999998,-1.2405,-1.08535,-1.1882000000000001,-1.2503,-1.2323,-1.08835,0.0219,593.95865,0.0081,0.1699,21.779200000000003,0.07819999999999999,0.18425000000000002,2.06385,0.2826,0.1,0.1,0.1,1.0,1.0,1.0,0.25,0.2452,0.251,1.0199,0.9962500000000001,0.9753499999999999,0.4363,0.31325000000000003,0.3957,1.39665,1.1069,0.7948,-2.25425,10.7082,2.0,0.8325,0.7457,0.462,-0.0551,0.6001,0.06755,0.9473,0.061149999999999996,0.08804999999999999,-0.6032,0.9,0.9,0.9091,0.9091,0.12154999999999999,0.12154999999999999,0.30874999999999997,0.11295
22,1,1.9721112320160046,0.83955,0.8618,0.87915,0.9068,0.84355,0.8581000000000001,0.8768,0.9047499999999999,-2.0324,-1.7501,-1.53095,-1.18025,-1.98555,-1.8008000000000002,-1.5632000000000001,-1.2084,0.0968,-916.65085,0.0066,0.2672,43.275000000000006,0.22895,0.1996,2.83375,0.40845,0.1001,0.09584999999999999,0.09985,1.0469499999999998,1.0025,0.9618,0.2407,0.19295,0.2235,1.24495,1.0779,0.8647,0.3567,0.23120000000000002,0.31405,1.5465499999999999,1.1327,0.73505,-3.6513,27.0116,8.0,0.7606,0.5856,0.1331,-0.4354,0.5776,0.0775,0.95395,0.06895,0.08015,-0.53025,0.9,0.9,0.9091,0.9091,0.12040000000000001,0.12040000000000001,0.2037,0.1232
22,2,1.985162843823673,0.86185,0.8744000000000001,0.88755,0.91245,0.86995,0.87815,0.88715,0.91115,-1.7500499999999999,-1.5909,-1.4243999999999999,-1.1091,-1.6499000000000001,-1.5457999999999998,-1.4322,-1.1279,0.1322,1083.5437000000002,0.0086,0.28895000000000004,34.10105,0.2384,0.21715,4.673,0.40065,0.1003,0.09384999999999999,0.0997,1.064,1.0088,0.9472499999999999,0.2374,0.18905,0.2197,1.2610999999999999,1.07735,0.8542000000000001,0.3277,0.2345,0.29159999999999997,1.3952499999999999,1.112,0.8045,-3.3503,20.74755,9.5,0.7513,0.5455,0.1271,-0.4555,0.57575,0.07875,0.9525,0.06495000000000001,0.08195,-0.5257000000000001,0.9,0.9,0.9091,0.9091,0.11875,0.11875,0.18545,0.12635000000000002
22,3,2.7991820580557523,0.91925,0.92005,0.92265,0.9294,0.9319500000000001,0.9265,0.92655,0.9299999999999999,-1.0224,-1.01275,-0.97955,-0.89425,-0.8631,-0.9322999999999999,-0.93235,-0.8887499999999999,0.0741,34.39245,0.01055,0.199,19.24155,0.2158,0.13265,5.3205,0.3289,0.1,0.0972,0.1001,1.0283,0.9988,0.97135,0.2591,0.20434999999999998,0.24769999999999998,1.2642,1.0467,0.8286,0.3649,0.24325000000000002,0.31605,1.4894500000000002,1.1535,0.7779,-3.3968499999999997,22.125700000000002,9.0,0.75705,0.5455,0.1271,-0.4555,0.57845,0.0766,0.9507,0.07225000000000001,0.0833,-0.5327,0.9,0.9,0.9091,0.9091,0.1211,0.1211,0.1807,0.1191
22,4,1.9786478645040688,0.8530500000000001,0.87425,0.8915,0.9158,0.8579,0.87625,0.8914,0.91535,-1.86105,-1.5929,-1.3747,-1.0667499999999999,-1.803,-1.5709499999999998,-1.37765,-1.07425,0.13655,381.16700000000003,0.01545,0.3297,22.0407,0.2712,0.21635,3.85475,0.4168,0.1005,0.0923,0.09995000000000001,1.0887,1.0056500000000002,0.9272,0.23904999999999998,0.19005,0.222,1.2593,1.0768499999999999,0.8560000000000001,0.3331,0.24059999999999998,0.30095,1.37885,1.10935,0.80145,-3.29695,20.378349999999998,9.0,0.7556,0.5455,0.12425,-0.4354,0.5788,0.0831,0.95235,0.0761,0.0816,-0.5206500000000001,0.9,0.9,0.9091,0.9091,0.11995,0.11995,0.19315,0.1256
22,5,5.668383366625587,0.86635,0.87605,0.8888,0.9082,0.87105,0.87905,0.88985,0.90705,-1.69235,-1.5695999999999999,-1.4087,-1.1631,-1.6364,-1.53445,-1.39825,-1.17935,0.0645,134.86805,0.0068000000000000005,0.1899,26.63295,0.17845,0.1813,5.1775,0.3504,0.1,0.09855,0.1,1.01455,1.0,0.985,0.25529999999999997,0.20995,0.2446,1.21545,1.04535,0.8584,0.3819,0.2415,0.3183,1.5681500000000002,1.2062,0.76935,-3.37,21.6928,9.0,0.76075,0.5656,0.1459,-0.3954,0.5785,0.08775,0.9539,0.08049999999999999,0.07985,-0.546,0.9,0.9,0.9091,0.9091,0.1207,0.1207,0.18315,0.11735000000000001
23,1,1.4666926632544675,1.00085,1.0008,1.0034,1.0006499999999998,1.0000499999999999,1.001,1.0028000000000001,1.0005,0.0111,0.0101,0.0431,0.0084,0.00065,0.0131,0.03505,0.0063,0.0,23.097450000000002,0.0020499999999999997,0.05205,24.9456,0.0,0.00015000000000000001,17.40245,-0.00045,0.1,0.1,0.1,1.0,1.0,1.0,0.25,0.25,0.25,1.0,1.0,1.0,0.4994,0.49770000000000003,0.49970000000000003,0.9984999999999999,1.0,1.0009000000000001,0.49934999999999996,-0.13785,1.0,0.86925,0.7658,0.9225,0.2052,0.66665,0.0448,0.91155,0.045,0.12345,-0.57125,0.9,0.9,0.9091,0.9091,0.11995,0.11995,0.34775,0.1091
23,2,1.4379880431098218,1.0011999999999999,1.00015,0.99995,1.0002,1.00075,1.0007000000000001,0.9999,1.0003,0.01535,0.0024000000000000002,-0.0005499999999999999,0.0028,0.00945,0.0089,-0.0012500000000000002,0.00385,-0.0003,16.25535,0.00095,0.0465,43.52235,0.0,-0.00045,20.9389,-5e-05,0.1,0.1,0.1,1.0,1.0,1.0,0.25,0.25,0.25,1.0,1.0,1.0,0.50415,0.4986,0.499,1.00465,1.0063499999999999,1.0002499999999999,0.5046999999999999,-0.13624999999999998,1.0,0.87045,0.7658,0.9225,0.2052,0.6668499999999999,0.049949999999999994,0.9109,0.05875,0.1241,-0.5742,0.9,0.9,0.9091,0.9091,0.12,0.12,0.3473,0.1091
23,3,1.4706193415656514,0.9975499999999999,1.00115,1.0007000000000001,0.9996,0.9984500000000001,1.00065,1.00035,0.99985,-0.03105,0.014849999999999999,0.00845,-0.005,-0.019799999999999998,0.008100000000000001,0.00455,-0.002,-0.0002,-114.36949999999999,0.0022500000000000003,0.04525,26.658700000000003,-0.0008,-0.0002,19.3536,-0.0015999999999999999,0.1,0.1,0.1,1.0,1.0,1.0,0.25,0.25,0.25,1.0,1.0,1.0,0.50135,0.5016499999999999,0.5014000000000001,0.9986,0.99665,0.99925,0.5211,-0.09505,1.0,0.87035,0.7658,0.9225,0.2252,0.6656500000000001,0.0498,0.9116,0.05115,0.1236,-0.57115,0.9,0.9,0.9091,0.9091,0.12025,0.12025,0.34919999999999995,0.10935
23,4,1.4444125152959089,1.0005000000000002,0.9974000000000001,0.9992,0.9994,1.0005,0.99735,0.9989,0.9995,0.0059,-0.03295,-0.01015,-0.0081,0.0067,-0.0338,-0.013649999999999999,-0.0064,-0.0003,-206.90505,0.0018,0.048299999999999996,22.922,-0.0002,-0.0003,30.3127,-0.00155,0.1,0.1,0.1,1.0,1.0,1.0,0.25,0.25,0.25,1.0,1.0,1.0,0.5004500000000001,0.5002,0.50065,1.0011,1.00335,1.001,0.49134999999999995,-0.15245,1.0,0.87155,0.7658,0.94425,0.2152,0.6675,0.04575,0.9114,0.05075,0.1236,-0.57375,0.9,0.9,0.9091,0.9091,0.1205,0.1205,0.34740000000000004,0.1097
23,5,1.4716825324520642,1.005,1.0006,0.9992,0.9995499999999999,1.00415,0.9999,0.9994000000000001,0.9995499999999999,0.0635,0.0077,-0.00995,-0.0057,0.05265,-0.00155,-0.007549999999999999,-0.0061,-0.0002,-28.202199999999998,0.00285,0.051500000000000004,17.893900000000002,-0.00045,-0.00025,24.4677,-0.0012,0.1,0.1,0.1,1.0,1.0,1.0,0.25,0.25,0.25,1.0,1.0,1.0,0.50075,0.50005,0.49834999999999996,0.9968,1.0033,1.0030999999999999,0.5015499999999999,-0.13615,1.0,0.87205,0.7658,0.9225,0.2252,0.66615,0.044,0.9115,0.05499999999999999,0.12375,-0.5730500000000001,0.9,0.9,0.9091,0.9091,0.1196,0.1196,0.3493,0.1088
24,1,44.27506509649896,0.70265,0.74285,0.7818,0.84125,0.6889000000000001,0.73505,0.77725,0.84135,-3.7666,-3.2577,-2.76355,-2.0109000000000004,-3.94885,-3.3619000000000003,-2.8272500000000003,-2.01325,0.17045,457.20754999999997,2.49275,4.9745,1.94285,0.30945,0.74495,1.1266,0.88035,0.1001,0.08785000000000001,0.09914999999999999,1.14175,1.0131999999999999,0.88795,0.2308,0.17520000000000002,0.2116,1.3161,1.0853000000000002,0.8269500000000001,0.32889999999999997,0.1581,0.31825000000000003,2.097,1.0396999999999998,0.4999,0.3584,0.11235,1.0,0.8499,1.65665,7.5161,1.1061,0.5776,0.111,0.96685,0.1006,0.06195,-0.4955,0.9,0.9,0.0909,0.9091,0.11955,0.11955,0.9885,0.13025
24,2,44.41282397604823,0.70095,0.7444,0.78335,0.84355,0.6878500000000001,0.73665,0.7794,0.84335,-3.7882,-3.2373,-2.74465,-1.98175,-3.9602500000000003,-3.3425000000000002,-2.79985,-1.98815,0.1587,447.898,2.55875,4.60425,1.8328,0.29705,0.7406,1.1232,0.8774,0.1001,0.08875,0.09895,1.1324,1.0114,0.8942000000000001,0.23249999999999998,0.17895,0.21450000000000002,1.2979,1.0824500000000001,0.83405,0.3377,0.15539999999999998,0.32575,2.14245,1.0346,0.47975,0.33225000000000005,0.1134,1.0,0.85135,1.6466,7.6893,1.1061,0.5777,0.1189,0.9669,0.10565,0.06195,-0.4981,0.9,0.9,0.0909,0.9091,0.12115000000000001,0.12115000000000001,0.9884,0.13065
24,3,42.92224358815133,0.6999,0.74225,0.78195,0.84215,0.68165,0.7325999999999999,0.77725,0.8417,-3.80115,-3.26465,-2.76215,-1.9995500000000002,-4.039949999999999,-3.3926999999999996,-2.8266,-2.0089,0.1616,368.47575,2.69695,4.80875,1.8324,0.3065,0.74195,1.12535,0.87895,0.10005,0.08785000000000001,0.09855,1.1426500000000002,1.01395,0.88725,0.23125,0.1768,0.21375,1.30335,1.0847,0.8306,0.33145,0.15435,0.31835,2.1336000000000004,1.0394999999999999,0.48965000000000003,0.3388,0.1008,1.0,0.85,1.6667,7.3429,1.1061,0.5766,0.11130000000000001,0.96715,0.1015,0.062,-0.49439999999999995,0.9,0.9,0.0909,0.9091,0.11985,0.11985,0.9887,0.13090000000000002
24,4,42.57879996451666,0.69435,0.7412000000000001,0.7791,0.8411500000000001,0.68075,0.73185,0.7745500000000001,0.84135,-3.8709499999999997,-3.2782,-2.7983000000000002,-2.01215,-4.050599999999999,-3.40175,-2.86175,-2.01315,0.16975,549.9974,2.5888999999999998,4.8919,1.8673000000000002,0.30605,0.75315,1.11815,0.88045,0.1,0.08685,0.09885,1.1527,1.012,0.8793,0.23070000000000002,0.17520000000000002,0.2152,1.31585,1.0812,0.82385,0.33194999999999997,0.15775,0.31789999999999996,2.083,1.0386,0.49839999999999995,0.3328,0.08555,1.0,0.8518,1.6466,7.6893,1.1061,0.5771,0.11985,0.9674,0.10115,0.0616,-0.4959,0.9,0.9,0.0909,0.9091,0.1202,0.1202,0.9887,0.1313
24,5,40.41453164809646,0.6979500000000001,0.74135,0.7819,0.84255,0.6803,0.734,0.77735,0.84265,-3.82605,-3.2762000000000002,-2.76215,-1.9945,-4.058,-3.37585,-2.8255,-1.9963,0.162,221.45170000000002,2.4745,4.89585,1.9282499999999998,0.29610000000000003,0.7472000000000001,1.111,0.87825,0.1002,0.0874,0.09895000000000001,1.15095,1.01265,0.88375,0.2315,0.17645,0.2138,1.3146499999999999,1.08575,0.8270500000000001,0.3368,0.15665,0.32505,2.13885,1.0387499999999998,0.48465,0.31345,0.06155,1.0,0.8503,1.6466,7.6893,1.1061,0.5768,0.1157,0.96715,0.1026,0.061649999999999996,-0.49739999999999995,0.9,0.9,0.0909,0.9091,0.12025,0.12025,0.9885,0.1301
